"TAZID","CityIdx","CITY_UGRC"
1,82,"[Unincorporated]"
2,82,"[Unincorporated]"
3,82,"[Unincorporated]"
4,82,"[Unincorporated]"
5,82,"[Unincorporated]"
6,82,"[Unincorporated]"
7,82,"[Unincorporated]"
8,82,"[Unincorporated]"
9,82,"[Unincorporated]"
10,82,"[Unincorporated]"
11,82,"[Unincorporated]"
12,82,"[Unincorporated]"
13,82,"[Unincorporated]"
14,82,"[Unincorporated]"
15,6,"BGM"
16,6,"BGM"
17,6,"BGM"
18,6,"BGM"
19,6,"BGM"
20,6,"BGM"
21,6,"BGM"
22,6,"BGM"
23,6,"BGM"
24,6,"BGM"
25,6,"BGM"
26,6,"BGM"
27,6,"BGM"
28,6,"BGM"
29,6,"BGM"
30,6,"BGM"
31,6,"BGM"
32,6,"BGM"
33,6,"BGM"
34,6,"BGM"
35,6,"BGM"
36,6,"BGM"
37,6,"BGM"
38,6,"BGM"
39,6,"BGM"
40,6,"BGM"
41,6,"BGM"
42,6,"BGM"
43,6,"BGM"
44,6,"BGM"
45,6,"BGM"
46,6,"BGM"
47,6,"BGM"
48,6,"BGM"
49,6,"BGM"
50,6,"BGM"
51,6,"BGM"
52,6,"BGM"
53,6,"BGM"
54,6,"BGM"
55,6,"BGM"
56,6,"BGM"
57,6,"BGM"
58,6,"BGM"
59,6,"BGM"
60,6,"BGM"
61,6,"BGM"
62,6,"BGM"
63,6,"BGM"
64,6,"BGM"
65,6,"BGM"
66,6,"BGM"
67,6,"BGM"
68,6,"BGM"
69,6,"BGM"
70,6,"BGM"
71,6,"BGM"
72,6,"BGM"
73,82,"[Unincorporated]"
74,6,"BGM"
75,6,"BGM"
76,6,"BGM"
77,6,"BGM"
78,6,"BGM"
79,6,"BGM"
80,6,"BGM"
81,6,"BGM"
82,6,"BGM"
83,6,"BGM"
84,6,"BGM"
85,6,"BGM"
86,48,"PER"
87,48,"PER"
88,48,"PER"
89,48,"PER"
90,48,"PER"
91,48,"PER"
92,48,"PER"
93,48,"PER"
94,48,"PER"
95,48,"PER"
96,48,"PER"
97,48,"PER"
98,48,"PER"
99,48,"PER"
100,48,"PER"
101,48,"PER"
102,48,"PER"
103,48,"PER"
104,48,"PER"
105,48,"PER"
106,48,"PER"
107,48,"PER"
108,48,"PER"
109,76,"WIL"
110,76,"WIL"
111,76,"WIL"
112,76,"WIL"
113,76,"WIL"
114,76,"WIL"
115,76,"WIL"
116,76,"WIL"
117,76,"WIL"
118,76,"WIL"
119,76,"WIL"
120,76,"WIL"
121,76,"WIL"
122,76,"WIL"
123,76,"WIL"
124,76,"WIL"
125,76,"WIL"
126,76,"WIL"
127,76,"WIL"
128,76,"WIL"
129,76,"WIL"
130,76,"WIL"
131,76,"WIL"
132,82,"[Unincorporated]"
133,82,"[Unincorporated]"
134,82,"[Unincorporated]"
135,82,"[Unincorporated]"
136,82,"[Unincorporated]"
137,82,"[Unincorporated]"
138,82,"[Unincorporated]"
139,82,"[Unincorporated]"
140,82,"[Unincorporated]"
141,82,"[Unincorporated]"
142,82,"[Unincorporated]"
143,82,"[Unincorporated]"
144,82,"[Unincorporated]"
145,82,"[Unincorporated]"
146,82,"[Unincorporated]"
147,82,"[Unincorporated]"
148,82,"[Unincorporated]"
149,82,"[Unincorporated]"
150,37,"MAU"
151,82,"[Unincorporated]"
152,82,"[Unincorporated]"
153,82,"[Unincorporated]"
154,82,"[Unincorporated]"
155,82,"[Unincorporated]"
156,82,"[Unincorporated]"
157,82,"[Unincorporated]"
158,82,"[Unincorporated]"
159,82,"[Unincorporated]"
160,82,"[Unincorporated]"
161,82,"[Unincorporated]"
162,82,"[Unincorporated]"
163,82,"[Unincorporated]"
164,82,"[Unincorporated]"
165,82,"[Unincorporated]"
166,82,"[Unincorporated]"
167,82,"[Unincorporated]"
168,82,"[Unincorporated]"
169,82,"[Unincorporated]"
170,82,"[Unincorporated]"
171,82,"[Unincorporated]"
172,82,"[Unincorporated]"
173,82,"[Unincorporated]"
174,82,"[Unincorporated]"
175,82,"[Unincorporated]"
176,82,"[Unincorporated]"
177,82,"[Unincorporated]"
178,82,"[Unincorporated]"
179,82,"[Unincorporated]"
180,82,"[Unincorporated]"
181,82,"[Unincorporated]"
182,82,"[Unincorporated]"
183,82,"[Unincorporated]"
184,82,"[Unincorporated]"
185,82,"[Unincorporated]"
186,82,"[Unincorporated]"
187,82,"[Unincorporated]"
188,82,"[Unincorporated]"
189,82,"[Unincorporated]"
190,82,"[Unincorporated]"
191,82,"[Unincorporated]"
192,82,"[Unincorporated]"
193,82,"[Unincorporated]"
194,82,"[Unincorporated]"
195,82,"[Unincorporated]"
196,82,"[Unincorporated]"
197,82,"[Unincorporated]"
198,82,"[Unincorporated]"
199,50,"PLN"
200,50,"PLN"
201,50,"PLN"
202,50,"PLN"
203,50,"PLN"
204,50,"PLN"
205,50,"PLN"
206,50,"PLN"
207,50,"PLN"
208,50,"PLN"
209,50,"PLN"
210,50,"PLN"
211,50,"PLN"
212,50,"PLN"
213,50,"PLN"
214,50,"PLN"
215,50,"PLN"
216,50,"PLN"
217,50,"PLN"
218,50,"PLN"
219,50,"PLN"
220,50,"PLN"
221,50,"PLN"
222,50,"PLN"
223,50,"PLN"
224,22,"FRR"
225,22,"FRR"
226,22,"FRR"
227,22,"FRR"
228,22,"FRR"
229,22,"FRR"
230,22,"FRR"
231,22,"FRR"
232,22,"FRR"
233,22,"FRR"
234,22,"FRR"
235,22,"FRR"
236,22,"FRR"
237,22,"FRR"
238,22,"FRR"
239,52,"PVW"
240,52,"PVW"
241,52,"PVW"
242,52,"PVW"
243,52,"PVW"
244,52,"PVW"
245,52,"PVW"
246,52,"PVW"
247,52,"PVW"
248,52,"PVW"
249,52,"PVW"
250,52,"PVW"
251,52,"PVW"
252,52,"PVW"
253,52,"PVW"
254,52,"PVW"
255,52,"PVW"
256,52,"PVW"
257,52,"PVW"
258,52,"PVW"
259,52,"PVW"
260,43,"NOG"
261,43,"NOG"
262,43,"NOG"
263,43,"NOG"
264,43,"NOG"
265,43,"NOG"
266,43,"NOG"
267,43,"NOG"
268,43,"NOG"
269,43,"NOG"
270,43,"NOG"
271,43,"NOG"
272,43,"NOG"
273,43,"NOG"
274,43,"NOG"
275,43,"NOG"
276,43,"NOG"
277,43,"NOG"
278,43,"NOG"
279,43,"NOG"
280,43,"NOG"
281,43,"NOG"
282,43,"NOG"
283,43,"NOG"
284,43,"NOG"
285,43,"NOG"
286,43,"NOG"
287,43,"NOG"
288,26,"HAR"
289,26,"HAR"
290,26,"HAR"
291,26,"HAR"
292,26,"HAR"
293,26,"HAR"
294,26,"HAR"
295,41,"MSL"
296,41,"MSL"
297,41,"MSL"
298,41,"MSL"
299,41,"MSL"
300,41,"MSL"
301,41,"MSL"
302,41,"MSL"
303,41,"MSL"
304,41,"MSL"
305,41,"MSL"
306,41,"MSL"
307,41,"MSL"
308,41,"MSL"
309,41,"MSL"
310,41,"MSL"
311,41,"MSL"
312,45,"OGD"
313,45,"OGD"
314,45,"OGD"
315,45,"OGD"
316,45,"OGD"
317,45,"OGD"
318,45,"OGD"
319,45,"OGD"
320,45,"OGD"
321,45,"OGD"
322,45,"OGD"
323,45,"OGD"
324,45,"OGD"
325,45,"OGD"
326,45,"OGD"
327,45,"OGD"
328,45,"OGD"
329,45,"OGD"
330,45,"OGD"
331,45,"OGD"
332,45,"OGD"
333,45,"OGD"
334,45,"OGD"
335,45,"OGD"
336,45,"OGD"
337,45,"OGD"
338,45,"OGD"
339,45,"OGD"
340,45,"OGD"
341,45,"OGD"
342,45,"OGD"
343,45,"OGD"
344,45,"OGD"
345,45,"OGD"
346,45,"OGD"
347,45,"OGD"
348,45,"OGD"
349,45,"OGD"
350,45,"OGD"
351,45,"OGD"
352,45,"OGD"
353,45,"OGD"
354,45,"OGD"
355,45,"OGD"
356,45,"OGD"
357,45,"OGD"
358,45,"OGD"
359,45,"OGD"
360,45,"OGD"
361,45,"OGD"
362,45,"OGD"
363,45,"OGD"
364,45,"OGD"
365,45,"OGD"
366,45,"OGD"
367,45,"OGD"
368,45,"OGD"
369,45,"OGD"
370,45,"OGD"
371,45,"OGD"
372,45,"OGD"
373,45,"OGD"
374,45,"OGD"
375,45,"OGD"
376,45,"OGD"
377,45,"OGD"
378,45,"OGD"
379,45,"OGD"
380,45,"OGD"
381,45,"OGD"
382,45,"OGD"
383,45,"OGD"
384,45,"OGD"
385,45,"OGD"
386,45,"OGD"
387,45,"OGD"
388,45,"OGD"
389,45,"OGD"
390,45,"OGD"
391,45,"OGD"
392,45,"OGD"
393,45,"OGD"
394,45,"OGD"
395,45,"OGD"
396,45,"OGD"
397,45,"OGD"
398,45,"OGD"
399,45,"OGD"
400,45,"OGD"
401,45,"OGD"
402,45,"OGD"
403,45,"OGD"
404,45,"OGD"
405,45,"OGD"
406,45,"OGD"
407,45,"OGD"
408,45,"OGD"
409,45,"OGD"
410,45,"OGD"
411,45,"OGD"
412,45,"OGD"
413,45,"OGD"
414,45,"OGD"
415,45,"OGD"
416,45,"OGD"
417,45,"OGD"
418,45,"OGD"
419,45,"OGD"
420,45,"OGD"
421,45,"OGD"
422,45,"OGD"
423,45,"OGD"
424,45,"OGD"
425,45,"OGD"
426,45,"OGD"
427,45,"OGD"
428,45,"OGD"
429,45,"OGD"
430,45,"OGD"
431,45,"OGD"
432,45,"OGD"
433,45,"OGD"
434,45,"OGD"
435,45,"OGD"
436,45,"OGD"
437,45,"OGD"
438,45,"OGD"
439,45,"OGD"
440,45,"OGD"
441,45,"OGD"
442,45,"OGD"
443,45,"OGD"
444,45,"OGD"
445,45,"OGD"
446,45,"OGD"
447,75,"WHV"
448,75,"WHV"
449,75,"WHV"
450,75,"WHV"
451,75,"WHV"
452,75,"WHV"
453,75,"WHV"
454,75,"WHV"
455,75,"WHV"
456,75,"WHV"
457,75,"WHV"
458,75,"WHV"
459,75,"WHV"
460,75,"WHV"
461,75,"WHV"
462,75,"WHV"
463,75,"WHV"
464,75,"WHV"
465,75,"WHV"
466,75,"WHV"
467,75,"WHV"
468,75,"WHV"
469,75,"WHV"
470,75,"WHV"
471,75,"WHV"
472,75,"WHV"
473,75,"WHV"
474,75,"WHV"
475,30,"HOO"
476,30,"HOO"
477,30,"HOO"
478,30,"HOO"
479,30,"HOO"
480,30,"HOO"
481,30,"HOO"
482,30,"HOO"
483,30,"HOO"
484,30,"HOO"
485,30,"HOO"
486,30,"HOO"
487,30,"HOO"
488,30,"HOO"
489,30,"HOO"
490,30,"HOO"
491,30,"HOO"
492,30,"HOO"
493,30,"HOO"
494,30,"HOO"
495,30,"HOO"
496,30,"HOO"
497,53,"ROY"
498,53,"ROY"
499,53,"ROY"
500,53,"ROY"
501,53,"ROY"
502,53,"ROY"
503,53,"ROY"
504,53,"ROY"
505,53,"ROY"
506,53,"ROY"
507,53,"ROY"
508,53,"ROY"
509,53,"ROY"
510,53,"ROY"
511,53,"ROY"
512,53,"ROY"
513,53,"ROY"
514,53,"ROY"
515,53,"ROY"
516,53,"ROY"
517,53,"ROY"
518,53,"ROY"
519,53,"ROY"
520,53,"ROY"
521,53,"ROY"
522,53,"ROY"
523,53,"ROY"
524,53,"ROY"
525,53,"ROY"
526,53,"ROY"
527,53,"ROY"
528,54,"RVD"
529,54,"RVD"
530,54,"RVD"
531,54,"RVD"
532,54,"RVD"
533,54,"RVD"
534,54,"RVD"
535,54,"RVD"
536,54,"RVD"
537,54,"RVD"
538,54,"RVD"
539,54,"RVD"
540,54,"RVD"
541,54,"RVD"
542,80,"WTR"
543,80,"WTR"
544,80,"WTR"
545,80,"WTR"
546,80,"WTR"
547,80,"WTR"
548,80,"WTR"
549,80,"WTR"
550,80,"WTR"
551,80,"WTR"
552,80,"WTR"
553,63,"SOG"
554,63,"SOG"
555,63,"SOG"
556,63,"SOG"
557,63,"SOG"
558,63,"SOG"
559,63,"SOG"
560,63,"SOG"
561,63,"SOG"
562,63,"SOG"
563,63,"SOG"
564,63,"SOG"
565,63,"SOG"
566,63,"SOG"
567,63,"SOG"
568,63,"SOG"
569,63,"SOG"
570,63,"SOG"
571,63,"SOG"
572,63,"SOG"
573,63,"SOG"
574,70,"UIN"
575,70,"UIN"
576,70,"UIN"
577,82,"[Unincorporated]"
578,82,"[Unincorporated]"
579,82,"[Unincorporated]"
580,82,"[Unincorporated]"
581,82,"[Unincorporated]"
582,79,"WPT"
583,79,"WPT"
584,79,"WPT"
585,79,"WPT"
586,79,"WPT"
587,79,"WPT"
588,79,"WPT"
589,79,"WPT"
590,79,"WPT"
591,79,"WPT"
592,79,"WPT"
593,79,"WPT"
594,79,"WPT"
595,79,"WPT"
596,79,"WPT"
597,79,"WPT"
598,79,"WPT"
599,79,"WPT"
600,79,"WPT"
601,79,"WPT"
602,79,"WPT"
603,12,"CLI"
604,12,"CLI"
605,12,"CLI"
606,12,"CLI"
607,12,"CLI"
608,12,"CLI"
609,12,"CLI"
610,12,"CLI"
611,12,"CLI"
612,12,"CLI"
613,12,"CLI"
614,12,"CLI"
615,12,"CLI"
616,12,"CLI"
617,12,"CLI"
618,12,"CLI"
619,12,"CLI"
620,12,"CLI"
621,12,"CLI"
622,66,"SUN"
623,66,"SUN"
624,66,"SUN"
625,66,"SUN"
626,66,"SUN"
627,66,"SUN"
628,66,"SUN"
629,1,"AFB"
630,1,"AFB"
631,1,"AFB"
632,1,"AFB"
633,1,"AFB"
634,1,"AFB"
635,67,"SWE"
636,67,"SWE"
637,67,"SWE"
638,67,"SWE"
639,67,"SWE"
640,67,"SWE"
641,67,"SWE"
642,67,"SWE"
643,13,"CLR"
644,13,"CLR"
645,13,"CLR"
646,13,"CLR"
647,13,"CLR"
648,13,"CLR"
649,13,"CLR"
650,13,"CLR"
651,13,"CLR"
652,13,"CLR"
653,13,"CLR"
654,13,"CLR"
655,13,"CLR"
656,13,"CLR"
657,13,"CLR"
658,13,"CLR"
659,13,"CLR"
660,13,"CLR"
661,13,"CLR"
662,13,"CLR"
663,13,"CLR"
664,13,"CLR"
665,13,"CLR"
666,13,"CLR"
667,68,"SYR"
668,68,"SYR"
669,68,"SYR"
670,68,"SYR"
671,68,"SYR"
672,68,"SYR"
673,68,"SYR"
674,68,"SYR"
675,68,"SYR"
676,68,"SYR"
677,68,"SYR"
678,68,"SYR"
679,68,"SYR"
680,68,"SYR"
681,68,"SYR"
682,68,"SYR"
683,68,"SYR"
684,68,"SYR"
685,68,"SYR"
686,68,"SYR"
687,68,"SYR"
688,68,"SYR"
689,68,"SYR"
690,33,"LAY"
691,33,"LAY"
692,33,"LAY"
693,33,"LAY"
694,33,"LAY"
695,33,"LAY"
696,33,"LAY"
697,33,"LAY"
698,33,"LAY"
699,33,"LAY"
700,33,"LAY"
701,33,"LAY"
702,33,"LAY"
703,33,"LAY"
704,33,"LAY"
705,33,"LAY"
706,33,"LAY"
707,33,"LAY"
708,33,"LAY"
709,33,"LAY"
710,33,"LAY"
711,33,"LAY"
712,33,"LAY"
713,33,"LAY"
714,33,"LAY"
715,33,"LAY"
716,33,"LAY"
717,33,"LAY"
718,33,"LAY"
719,33,"LAY"
720,33,"LAY"
721,33,"LAY"
722,33,"LAY"
723,33,"LAY"
724,33,"LAY"
725,33,"LAY"
726,33,"LAY"
727,33,"LAY"
728,33,"LAY"
729,33,"LAY"
730,33,"LAY"
731,33,"LAY"
732,33,"LAY"
733,33,"LAY"
734,33,"LAY"
735,33,"LAY"
736,33,"LAY"
737,33,"LAY"
738,33,"LAY"
739,33,"LAY"
740,33,"LAY"
741,33,"LAY"
742,33,"LAY"
743,33,"LAY"
744,31,"KAY"
745,31,"KAY"
746,31,"KAY"
747,31,"KAY"
748,31,"KAY"
749,31,"KAY"
750,31,"KAY"
751,31,"KAY"
752,31,"KAY"
753,31,"KAY"
754,31,"KAY"
755,31,"KAY"
756,31,"KAY"
757,31,"KAY"
758,31,"KAY"
759,31,"KAY"
760,31,"KAY"
761,31,"KAY"
762,31,"KAY"
763,31,"KAY"
764,31,"KAY"
765,31,"KAY"
766,31,"KAY"
767,23,"FRU"
768,23,"FRU"
769,23,"FRU"
770,23,"FRU"
771,21,"FRM"
772,21,"FRM"
773,21,"FRM"
774,21,"FRM"
775,21,"FRM"
776,21,"FRM"
777,21,"FRM"
778,21,"FRM"
779,21,"FRM"
780,21,"FRM"
781,21,"FRM"
782,21,"FRM"
783,21,"FRM"
784,21,"FRM"
785,21,"FRM"
786,21,"FRM"
787,21,"FRM"
788,21,"FRM"
789,21,"FRM"
790,21,"FRM"
791,21,"FRM"
792,21,"FRM"
793,21,"FRM"
794,10,"CEN"
795,10,"CEN"
796,10,"CEN"
797,10,"CEN"
798,10,"CEN"
799,10,"CEN"
800,10,"CEN"
801,10,"CEN"
802,10,"CEN"
803,10,"CEN"
804,10,"CEN"
805,10,"CEN"
806,10,"CEN"
807,10,"CEN"
808,10,"CEN"
809,10,"CEN"
810,10,"CEN"
811,10,"CEN"
812,10,"CEN"
813,72,"WBO"
814,72,"WBO"
815,72,"WBO"
816,72,"WBO"
817,72,"WBO"
818,72,"WBO"
819,72,"WBO"
820,72,"WBO"
821,72,"WBO"
822,72,"WBO"
823,72,"WBO"
824,72,"WBO"
825,8,"BTF"
826,8,"BTF"
827,8,"BTF"
828,8,"BTF"
829,8,"BTF"
830,8,"BTF"
831,8,"BTF"
832,8,"BTF"
833,8,"BTF"
834,8,"BTF"
835,8,"BTF"
836,8,"BTF"
837,8,"BTF"
838,8,"BTF"
839,8,"BTF"
840,8,"BTF"
841,8,"BTF"
842,8,"BTF"
843,8,"BTF"
844,8,"BTF"
845,8,"BTF"
846,8,"BTF"
847,8,"BTF"
848,8,"BTF"
849,8,"BTF"
850,8,"BTF"
851,8,"BTF"
852,8,"BTF"
853,8,"BTF"
854,8,"BTF"
855,8,"BTF"
856,8,"BTF"
857,8,"BTF"
858,8,"BTF"
859,73,"WCR"
860,73,"WCR"
861,73,"WCR"
862,73,"WCR"
863,73,"WCR"
864,73,"WCR"
865,73,"WCR"
866,73,"WCR"
867,73,"WCR"
868,73,"WCR"
869,73,"WCR"
870,73,"WCR"
871,73,"WCR"
872,73,"WCR"
873,73,"WCR"
874,44,"NSL"
875,44,"NSL"
876,44,"NSL"
877,44,"NSL"
878,44,"NSL"
879,44,"NSL"
880,44,"NSL"
881,44,"NSL"
882,44,"NSL"
883,44,"NSL"
884,44,"NSL"
885,44,"NSL"
886,44,"NSL"
887,44,"NSL"
888,44,"NSL"
889,44,"NSL"
890,44,"NSL"
891,44,"NSL"
892,44,"NSL"
893,44,"NSL"
894,44,"NSL"
895,44,"NSL"
896,44,"NSL"
897,44,"NSL"
898,82,"[Unincorporated]"
899,82,"[Unincorporated]"
900,82,"[Unincorporated]"
901,82,"[Unincorporated]"
902,82,"[Unincorporated]"
903,82,"[Unincorporated]"
904,82,"[Unincorporated]"
905,82,"[Unincorporated]"
906,82,"[Unincorporated]"
907,82,"[Unincorporated]"
908,82,"[Unincorporated]"
909,82,"[Unincorporated]"
910,82,"[Unincorporated]"
911,82,"[Unincorporated]"
912,82,"[Unincorporated]"
913,82,"[Unincorporated]"
914,82,"[Unincorporated]"
915,82,"[Unincorporated]"
916,82,"[Unincorporated]"
917,82,"[Unincorporated]"
918,82,"[Unincorporated]"
919,82,"[Unincorporated]"
920,82,"[Unincorporated]"
921,82,"[Unincorporated]"
922,82,"[Unincorporated]"
923,82,"[Unincorporated]"
924,82,"[Unincorporated]"
925,82,"[Unincorporated]"
926,14,"CMT"
927,82,"[Unincorporated]"
928,82,"[Unincorporated]"
929,82,"[Unincorporated]"
930,82,"[Unincorporated]"
931,82,"[Unincorporated]"
932,82,"[Unincorporated]"
933,82,"[Unincorporated]"
934,82,"[Unincorporated]"
935,82,"[Unincorporated]"
936,82,"[Unincorporated]"
937,82,"[Unincorporated]"
938,82,"[Unincorporated]"
939,61,"SLC"
940,61,"SLC"
941,61,"SLC"
942,61,"SLC"
943,61,"SLC"
944,61,"SLC"
945,61,"SLC"
946,61,"SLC"
947,61,"SLC"
948,61,"SLC"
949,61,"SLC"
950,61,"SLC"
951,61,"SLC"
952,61,"SLC"
953,61,"SLC"
954,61,"SLC"
955,61,"SLC"
956,61,"SLC"
957,61,"SLC"
958,61,"SLC"
959,61,"SLC"
960,61,"SLC"
961,61,"SLC"
962,61,"SLC"
963,61,"SLC"
964,61,"SLC"
965,61,"SLC"
966,61,"SLC"
967,61,"SLC"
968,61,"SLC"
969,61,"SLC"
970,61,"SLC"
971,61,"SLC"
972,61,"SLC"
973,61,"SLC"
974,61,"SLC"
975,61,"SLC"
976,61,"SLC"
977,61,"SLC"
978,61,"SLC"
979,61,"SLC"
980,61,"SLC"
981,61,"SLC"
982,61,"SLC"
983,61,"SLC"
984,61,"SLC"
985,61,"SLC"
986,61,"SLC"
987,61,"SLC"
988,61,"SLC"
989,61,"SLC"
990,61,"SLC"
991,61,"SLC"
992,61,"SLC"
993,61,"SLC"
994,61,"SLC"
995,61,"SLC"
996,61,"SLC"
997,61,"SLC"
998,61,"SLC"
999,61,"SLC"
1000,61,"SLC"
1001,61,"SLC"
1002,61,"SLC"
1003,61,"SLC"
1004,61,"SLC"
1005,61,"SLC"
1006,61,"SLC"
1007,61,"SLC"
1008,61,"SLC"
1009,61,"SLC"
1010,61,"SLC"
1011,61,"SLC"
1012,61,"SLC"
1013,61,"SLC"
1014,61,"SLC"
1015,61,"SLC"
1016,61,"SLC"
1017,61,"SLC"
1018,61,"SLC"
1019,61,"SLC"
1020,61,"SLC"
1021,61,"SLC"
1022,61,"SLC"
1023,61,"SLC"
1024,61,"SLC"
1025,61,"SLC"
1026,61,"SLC"
1027,61,"SLC"
1028,61,"SLC"
1029,61,"SLC"
1030,61,"SLC"
1031,61,"SLC"
1032,61,"SLC"
1033,61,"SLC"
1034,61,"SLC"
1035,61,"SLC"
1036,61,"SLC"
1037,61,"SLC"
1038,61,"SLC"
1039,61,"SLC"
1040,61,"SLC"
1041,61,"SLC"
1042,61,"SLC"
1043,61,"SLC"
1044,61,"SLC"
1045,61,"SLC"
1046,61,"SLC"
1047,61,"SLC"
1048,61,"SLC"
1049,61,"SLC"
1050,61,"SLC"
1051,61,"SLC"
1052,61,"SLC"
1053,61,"SLC"
1054,61,"SLC"
1055,61,"SLC"
1056,61,"SLC"
1057,61,"SLC"
1058,61,"SLC"
1059,61,"SLC"
1060,61,"SLC"
1061,61,"SLC"
1062,61,"SLC"
1063,61,"SLC"
1064,61,"SLC"
1065,61,"SLC"
1066,61,"SLC"
1067,61,"SLC"
1068,61,"SLC"
1069,61,"SLC"
1070,61,"SLC"
1071,61,"SLC"
1072,61,"SLC"
1073,61,"SLC"
1074,61,"SLC"
1075,61,"SLC"
1076,61,"SLC"
1077,61,"SLC"
1078,61,"SLC"
1079,61,"SLC"
1080,61,"SLC"
1081,61,"SLC"
1082,61,"SLC"
1083,61,"SLC"
1084,61,"SLC"
1085,61,"SLC"
1086,61,"SLC"
1087,61,"SLC"
1088,61,"SLC"
1089,61,"SLC"
1090,61,"SLC"
1091,61,"SLC"
1092,61,"SLC"
1093,61,"SLC"
1094,61,"SLC"
1095,61,"SLC"
1096,61,"SLC"
1097,61,"SLC"
1098,61,"SLC"
1099,61,"SLC"
1100,61,"SLC"
1101,61,"SLC"
1102,61,"SLC"
1103,61,"SLC"
1104,61,"SLC"
1105,61,"SLC"
1106,61,"SLC"
1107,61,"SLC"
1108,61,"SLC"
1109,61,"SLC"
1110,61,"SLC"
1111,61,"SLC"
1112,61,"SLC"
1113,61,"SLC"
1114,61,"SLC"
1115,61,"SLC"
1116,61,"SLC"
1117,61,"SLC"
1118,61,"SLC"
1119,61,"SLC"
1120,61,"SLC"
1121,61,"SLC"
1122,61,"SLC"
1123,61,"SLC"
1124,61,"SLC"
1125,61,"SLC"
1126,61,"SLC"
1127,61,"SLC"
1128,61,"SLC"
1129,61,"SLC"
1130,61,"SLC"
1131,61,"SLC"
1132,61,"SLC"
1133,61,"SLC"
1134,61,"SLC"
1135,61,"SLC"
1136,61,"SLC"
1137,61,"SLC"
1138,61,"SLC"
1139,61,"SLC"
1140,61,"SLC"
1141,61,"SLC"
1142,61,"SLC"
1143,61,"SLC"
1144,61,"SLC"
1145,61,"SLC"
1146,61,"SLC"
1147,61,"SLC"
1148,61,"SLC"
1149,61,"SLC"
1150,61,"SLC"
1151,61,"SLC"
1152,61,"SLC"
1153,61,"SLC"
1154,61,"SLC"
1155,61,"SLC"
1156,61,"SLC"
1157,61,"SLC"
1158,61,"SLC"
1159,61,"SLC"
1160,61,"SLC"
1161,61,"SLC"
1162,61,"SLC"
1163,61,"SLC"
1164,61,"SLC"
1165,61,"SLC"
1166,61,"SLC"
1167,61,"SLC"
1168,61,"SLC"
1169,61,"SLC"
1170,61,"SLC"
1171,61,"SLC"
1172,61,"SLC"
1173,61,"SLC"
1174,61,"SLC"
1175,61,"SLC"
1176,61,"SLC"
1177,61,"SLC"
1178,61,"SLC"
1179,61,"SLC"
1180,61,"SLC"
1181,61,"SLC"
1182,61,"SLC"
1183,61,"SLC"
1184,61,"SLC"
1185,61,"SLC"
1186,61,"SLC"
1187,61,"SLC"
1188,61,"SLC"
1189,61,"SLC"
1190,61,"SLC"
1191,61,"SLC"
1192,61,"SLC"
1193,61,"SLC"
1194,61,"SLC"
1195,61,"SLC"
1196,61,"SLC"
1197,61,"SLC"
1198,61,"SLC"
1199,61,"SLC"
1200,61,"SLC"
1201,61,"SLC"
1202,61,"SLC"
1203,61,"SLC"
1204,61,"SLC"
1205,61,"SLC"
1206,61,"SLC"
1207,61,"SLC"
1208,61,"SLC"
1209,61,"SLC"
1210,61,"SLC"
1211,61,"SLC"
1212,61,"SLC"
1213,61,"SLC"
1214,61,"SLC"
1215,61,"SLC"
1216,61,"SLC"
1217,61,"SLC"
1218,61,"SLC"
1219,61,"SLC"
1220,61,"SLC"
1221,61,"SLC"
1222,61,"SLC"
1223,61,"SLC"
1224,61,"SLC"
1225,61,"SLC"
1226,61,"SLC"
1227,61,"SLC"
1228,61,"SLC"
1229,61,"SLC"
1230,61,"SLC"
1231,61,"SLC"
1232,61,"SLC"
1233,61,"SLC"
1234,61,"SLC"
1235,61,"SLC"
1236,61,"SLC"
1237,61,"SLC"
1238,61,"SLC"
1239,61,"SLC"
1240,61,"SLC"
1241,61,"SLC"
1242,61,"SLC"
1243,61,"SLC"
1244,61,"SLC"
1245,61,"SLC"
1246,61,"SLC"
1247,61,"SLC"
1248,61,"SLC"
1249,61,"SLC"
1250,61,"SLC"
1251,61,"SLC"
1252,61,"SLC"
1253,61,"SLC"
1254,61,"SLC"
1255,61,"SLC"
1256,61,"SLC"
1257,61,"SLC"
1258,61,"SLC"
1259,61,"SLC"
1260,61,"SLC"
1261,61,"SLC"
1262,61,"SLC"
1263,61,"SLC"
1264,61,"SLC"
1265,61,"SLC"
1266,61,"SLC"
1267,61,"SLC"
1268,61,"SLC"
1269,61,"SLC"
1270,61,"SLC"
1271,61,"SLC"
1272,61,"SLC"
1273,61,"SLC"
1274,61,"SLC"
1275,61,"SLC"
1276,61,"SLC"
1277,61,"SLC"
1278,61,"SLC"
1279,61,"SLC"
1280,61,"SLC"
1281,61,"SLC"
1282,61,"SLC"
1283,61,"SLC"
1284,61,"SLC"
1285,61,"SLC"
1286,61,"SLC"
1287,61,"SLC"
1288,61,"SLC"
1289,61,"SLC"
1290,61,"SLC"
1291,61,"SLC"
1292,61,"SLC"
1293,61,"SLC"
1294,61,"SLC"
1295,61,"SLC"
1296,61,"SLC"
1297,61,"SLC"
1298,61,"SLC"
1299,61,"SLC"
1300,61,"SLC"
1301,61,"SLC"
1302,40,"MMT"
1303,40,"MMT"
1304,40,"MMT"
1305,40,"MMT"
1306,40,"MMT"
1307,40,"MMT"
1308,40,"MMT"
1309,40,"MMT"
1310,40,"MMT"
1311,40,"MMT"
1312,40,"MMT"
1313,40,"MMT"
1314,40,"MMT"
1315,40,"MMT"
1316,40,"MMT"
1317,40,"MMT"
1318,40,"MMT"
1319,40,"MMT"
1320,40,"MMT"
1321,81,"WVC"
1322,81,"WVC"
1323,81,"WVC"
1324,81,"WVC"
1325,81,"WVC"
1326,81,"WVC"
1327,81,"WVC"
1328,81,"WVC"
1329,81,"WVC"
1330,81,"WVC"
1331,81,"WVC"
1332,81,"WVC"
1333,81,"WVC"
1334,81,"WVC"
1335,81,"WVC"
1336,81,"WVC"
1337,81,"WVC"
1338,81,"WVC"
1339,81,"WVC"
1340,81,"WVC"
1341,81,"WVC"
1342,81,"WVC"
1343,81,"WVC"
1344,81,"WVC"
1345,81,"WVC"
1346,81,"WVC"
1347,81,"WVC"
1348,81,"WVC"
1349,81,"WVC"
1350,81,"WVC"
1351,81,"WVC"
1352,81,"WVC"
1353,81,"WVC"
1354,81,"WVC"
1355,81,"WVC"
1356,81,"WVC"
1357,81,"WVC"
1358,81,"WVC"
1359,81,"WVC"
1360,81,"WVC"
1361,81,"WVC"
1362,81,"WVC"
1363,81,"WVC"
1364,81,"WVC"
1365,81,"WVC"
1366,81,"WVC"
1367,81,"WVC"
1368,81,"WVC"
1369,81,"WVC"
1370,81,"WVC"
1371,81,"WVC"
1372,81,"WVC"
1373,81,"WVC"
1374,81,"WVC"
1375,81,"WVC"
1376,81,"WVC"
1377,81,"WVC"
1378,81,"WVC"
1379,81,"WVC"
1380,81,"WVC"
1381,81,"WVC"
1382,81,"WVC"
1383,81,"WVC"
1384,81,"WVC"
1385,81,"WVC"
1386,81,"WVC"
1387,81,"WVC"
1388,81,"WVC"
1389,81,"WVC"
1390,81,"WVC"
1391,81,"WVC"
1392,81,"WVC"
1393,81,"WVC"
1394,81,"WVC"
1395,81,"WVC"
1396,81,"WVC"
1397,81,"WVC"
1398,81,"WVC"
1399,81,"WVC"
1400,81,"WVC"
1401,81,"WVC"
1402,81,"WVC"
1403,81,"WVC"
1404,81,"WVC"
1405,81,"WVC"
1406,81,"WVC"
1407,81,"WVC"
1408,81,"WVC"
1409,81,"WVC"
1410,81,"WVC"
1411,81,"WVC"
1412,81,"WVC"
1413,81,"WVC"
1414,81,"WVC"
1415,81,"WVC"
1416,81,"WVC"
1417,81,"WVC"
1418,81,"WVC"
1419,81,"WVC"
1420,81,"WVC"
1421,81,"WVC"
1422,81,"WVC"
1423,81,"WVC"
1424,81,"WVC"
1425,81,"WVC"
1426,81,"WVC"
1427,81,"WVC"
1428,81,"WVC"
1429,81,"WVC"
1430,81,"WVC"
1431,81,"WVC"
1432,81,"WVC"
1433,81,"WVC"
1434,81,"WVC"
1435,81,"WVC"
1436,81,"WVC"
1437,81,"WVC"
1438,81,"WVC"
1439,65,"SSL"
1440,65,"SSL"
1441,65,"SSL"
1442,65,"SSL"
1443,65,"SSL"
1444,65,"SSL"
1445,65,"SSL"
1446,65,"SSL"
1447,65,"SSL"
1448,65,"SSL"
1449,65,"SSL"
1450,65,"SSL"
1451,65,"SSL"
1452,65,"SSL"
1453,65,"SSL"
1454,65,"SSL"
1455,65,"SSL"
1456,65,"SSL"
1457,65,"SSL"
1458,65,"SSL"
1459,65,"SSL"
1460,65,"SSL"
1461,65,"SSL"
1462,65,"SSL"
1463,65,"SSL"
1464,65,"SSL"
1465,65,"SSL"
1466,65,"SSL"
1467,65,"SSL"
1468,65,"SSL"
1469,65,"SSL"
1470,65,"SSL"
1471,65,"SSL"
1472,65,"SSL"
1473,65,"SSL"
1474,65,"SSL"
1475,65,"SSL"
1476,65,"SSL"
1477,65,"SSL"
1478,65,"SSL"
1479,65,"SSL"
1480,65,"SSL"
1481,65,"SSL"
1482,65,"SSL"
1483,65,"SSL"
1484,65,"SSL"
1485,65,"SSL"
1486,65,"SSL"
1487,65,"SSL"
1488,65,"SSL"
1489,65,"SSL"
1490,65,"SSL"
1491,65,"SSL"
1492,65,"SSL"
1493,65,"SSL"
1494,65,"SSL"
1495,65,"SSL"
1496,65,"SSL"
1497,65,"SSL"
1498,39,"MLC"
1499,39,"MLC"
1500,39,"MLC"
1501,39,"MLC"
1502,39,"MLC"
1503,39,"MLC"
1504,39,"MLC"
1505,39,"MLC"
1506,39,"MLC"
1507,39,"MLC"
1508,39,"MLC"
1509,39,"MLC"
1510,39,"MLC"
1511,39,"MLC"
1512,39,"MLC"
1513,39,"MLC"
1514,39,"MLC"
1515,39,"MLC"
1516,39,"MLC"
1517,39,"MLC"
1518,39,"MLC"
1519,39,"MLC"
1520,39,"MLC"
1521,39,"MLC"
1522,39,"MLC"
1523,39,"MLC"
1524,39,"MLC"
1525,39,"MLC"
1526,39,"MLC"
1527,39,"MLC"
1528,39,"MLC"
1529,39,"MLC"
1530,39,"MLC"
1531,39,"MLC"
1532,39,"MLC"
1533,39,"MLC"
1534,39,"MLC"
1535,39,"MLC"
1536,39,"MLC"
1537,39,"MLC"
1538,39,"MLC"
1539,39,"MLC"
1540,39,"MLC"
1541,39,"MLC"
1542,39,"MLC"
1543,39,"MLC"
1544,39,"MLC"
1545,39,"MLC"
1546,39,"MLC"
1547,39,"MLC"
1548,39,"MLC"
1549,39,"MLC"
1550,39,"MLC"
1551,39,"MLC"
1552,39,"MLC"
1553,39,"MLC"
1554,39,"MLC"
1555,39,"MLC"
1556,39,"MLC"
1557,32,"KMT"
1558,32,"KMT"
1559,32,"KMT"
1560,32,"KMT"
1561,32,"KMT"
1562,32,"KMT"
1563,32,"KMT"
1564,32,"KMT"
1565,32,"KMT"
1566,32,"KMT"
1567,32,"KMT"
1568,32,"KMT"
1569,32,"KMT"
1570,32,"KMT"
1571,32,"KMT"
1572,32,"KMT"
1573,69,"TAY"
1574,69,"TAY"
1575,69,"TAY"
1576,69,"TAY"
1577,69,"TAY"
1578,69,"TAY"
1579,69,"TAY"
1580,69,"TAY"
1581,69,"TAY"
1582,69,"TAY"
1583,69,"TAY"
1584,69,"TAY"
1585,69,"TAY"
1586,69,"TAY"
1587,69,"TAY"
1588,69,"TAY"
1589,69,"TAY"
1590,69,"TAY"
1591,69,"TAY"
1592,69,"TAY"
1593,69,"TAY"
1594,69,"TAY"
1595,69,"TAY"
1596,69,"TAY"
1597,69,"TAY"
1598,69,"TAY"
1599,69,"TAY"
1600,69,"TAY"
1601,69,"TAY"
1602,69,"TAY"
1603,69,"TAY"
1604,69,"TAY"
1605,69,"TAY"
1606,69,"TAY"
1607,69,"TAY"
1608,69,"TAY"
1609,69,"TAY"
1610,69,"TAY"
1611,69,"TAY"
1612,69,"TAY"
1613,69,"TAY"
1614,69,"TAY"
1615,42,"MUR"
1616,42,"MUR"
1617,42,"MUR"
1618,42,"MUR"
1619,42,"MUR"
1620,42,"MUR"
1621,42,"MUR"
1622,42,"MUR"
1623,42,"MUR"
1624,42,"MUR"
1625,42,"MUR"
1626,42,"MUR"
1627,42,"MUR"
1628,42,"MUR"
1629,42,"MUR"
1630,42,"MUR"
1631,42,"MUR"
1632,42,"MUR"
1633,42,"MUR"
1634,42,"MUR"
1635,42,"MUR"
1636,42,"MUR"
1637,42,"MUR"
1638,42,"MUR"
1639,42,"MUR"
1640,42,"MUR"
1641,42,"MUR"
1642,42,"MUR"
1643,42,"MUR"
1644,42,"MUR"
1645,42,"MUR"
1646,42,"MUR"
1647,42,"MUR"
1648,42,"MUR"
1649,42,"MUR"
1650,42,"MUR"
1651,42,"MUR"
1652,42,"MUR"
1653,42,"MUR"
1654,42,"MUR"
1655,42,"MUR"
1656,42,"MUR"
1657,42,"MUR"
1658,42,"MUR"
1659,42,"MUR"
1660,42,"MUR"
1661,42,"MUR"
1662,42,"MUR"
1663,42,"MUR"
1664,42,"MUR"
1665,42,"MUR"
1666,42,"MUR"
1667,42,"MUR"
1668,42,"MUR"
1669,42,"MUR"
1670,42,"MUR"
1671,29,"HOL"
1672,29,"HOL"
1673,29,"HOL"
1674,29,"HOL"
1675,29,"HOL"
1676,29,"HOL"
1677,29,"HOL"
1678,29,"HOL"
1679,29,"HOL"
1680,29,"HOL"
1681,29,"HOL"
1682,29,"HOL"
1683,29,"HOL"
1684,29,"HOL"
1685,29,"HOL"
1686,29,"HOL"
1687,29,"HOL"
1688,29,"HOL"
1689,29,"HOL"
1690,29,"HOL"
1691,29,"HOL"
1692,29,"HOL"
1693,29,"HOL"
1694,29,"HOL"
1695,29,"HOL"
1696,29,"HOL"
1697,29,"HOL"
1698,29,"HOL"
1699,29,"HOL"
1700,29,"HOL"
1701,77,"WJC"
1702,77,"WJC"
1703,77,"WJC"
1704,77,"WJC"
1705,77,"WJC"
1706,77,"WJC"
1707,77,"WJC"
1708,77,"WJC"
1709,77,"WJC"
1710,77,"WJC"
1711,77,"WJC"
1712,77,"WJC"
1713,77,"WJC"
1714,77,"WJC"
1715,77,"WJC"
1716,77,"WJC"
1717,77,"WJC"
1718,77,"WJC"
1719,77,"WJC"
1720,77,"WJC"
1721,77,"WJC"
1722,77,"WJC"
1723,77,"WJC"
1724,77,"WJC"
1725,77,"WJC"
1726,77,"WJC"
1727,77,"WJC"
1728,77,"WJC"
1729,77,"WJC"
1730,77,"WJC"
1731,77,"WJC"
1732,77,"WJC"
1733,77,"WJC"
1734,77,"WJC"
1735,77,"WJC"
1736,77,"WJC"
1737,77,"WJC"
1738,77,"WJC"
1739,77,"WJC"
1740,77,"WJC"
1741,77,"WJC"
1742,77,"WJC"
1743,77,"WJC"
1744,77,"WJC"
1745,77,"WJC"
1746,77,"WJC"
1747,77,"WJC"
1748,77,"WJC"
1749,77,"WJC"
1750,77,"WJC"
1751,77,"WJC"
1752,77,"WJC"
1753,77,"WJC"
1754,77,"WJC"
1755,77,"WJC"
1756,77,"WJC"
1757,77,"WJC"
1758,77,"WJC"
1759,77,"WJC"
1760,77,"WJC"
1761,77,"WJC"
1762,77,"WJC"
1763,77,"WJC"
1764,77,"WJC"
1765,77,"WJC"
1766,77,"WJC"
1767,77,"WJC"
1768,77,"WJC"
1769,77,"WJC"
1770,77,"WJC"
1771,77,"WJC"
1772,77,"WJC"
1773,77,"WJC"
1774,77,"WJC"
1775,77,"WJC"
1776,77,"WJC"
1777,77,"WJC"
1778,77,"WJC"
1779,77,"WJC"
1780,77,"WJC"
1781,77,"WJC"
1782,77,"WJC"
1783,77,"WJC"
1784,77,"WJC"
1785,77,"WJC"
1786,38,"MID"
1787,38,"MID"
1788,38,"MID"
1789,38,"MID"
1790,38,"MID"
1791,38,"MID"
1792,38,"MID"
1793,38,"MID"
1794,38,"MID"
1795,38,"MID"
1796,38,"MID"
1797,38,"MID"
1798,38,"MID"
1799,38,"MID"
1800,38,"MID"
1801,38,"MID"
1802,38,"MID"
1803,38,"MID"
1804,38,"MID"
1805,38,"MID"
1806,38,"MID"
1807,38,"MID"
1808,38,"MID"
1809,38,"MID"
1810,38,"MID"
1811,38,"MID"
1812,38,"MID"
1813,38,"MID"
1814,38,"MID"
1815,38,"MID"
1816,38,"MID"
1817,38,"MID"
1818,38,"MID"
1819,38,"MID"
1820,38,"MID"
1821,38,"MID"
1822,15,"COT"
1823,15,"COT"
1824,15,"COT"
1825,15,"COT"
1826,15,"COT"
1827,15,"COT"
1828,15,"COT"
1829,15,"COT"
1830,15,"COT"
1831,15,"COT"
1832,15,"COT"
1833,15,"COT"
1834,15,"COT"
1835,15,"COT"
1836,15,"COT"
1837,15,"COT"
1838,15,"COT"
1839,15,"COT"
1840,15,"COT"
1841,15,"COT"
1842,15,"COT"
1843,15,"COT"
1844,15,"COT"
1845,15,"COT"
1846,15,"COT"
1847,15,"COT"
1848,15,"COT"
1849,56,"SAN"
1850,56,"SAN"
1851,56,"SAN"
1852,56,"SAN"
1853,56,"SAN"
1854,56,"SAN"
1855,56,"SAN"
1856,56,"SAN"
1857,56,"SAN"
1858,56,"SAN"
1859,56,"SAN"
1860,56,"SAN"
1861,56,"SAN"
1862,56,"SAN"
1863,56,"SAN"
1864,56,"SAN"
1865,56,"SAN"
1866,56,"SAN"
1867,56,"SAN"
1868,56,"SAN"
1869,56,"SAN"
1870,56,"SAN"
1871,56,"SAN"
1872,56,"SAN"
1873,56,"SAN"
1874,56,"SAN"
1875,56,"SAN"
1876,56,"SAN"
1877,56,"SAN"
1878,56,"SAN"
1879,56,"SAN"
1880,56,"SAN"
1881,56,"SAN"
1882,56,"SAN"
1883,56,"SAN"
1884,56,"SAN"
1885,56,"SAN"
1886,56,"SAN"
1887,56,"SAN"
1888,56,"SAN"
1889,56,"SAN"
1890,56,"SAN"
1891,56,"SAN"
1892,56,"SAN"
1893,56,"SAN"
1894,56,"SAN"
1895,56,"SAN"
1896,56,"SAN"
1897,56,"SAN"
1898,56,"SAN"
1899,56,"SAN"
1900,78,"WMT"
1901,78,"WMT"
1902,56,"SAN"
1903,56,"SAN"
1904,56,"SAN"
1905,56,"SAN"
1906,56,"SAN"
1907,56,"SAN"
1908,56,"SAN"
1909,56,"SAN"
1910,56,"SAN"
1911,78,"WMT"
1912,78,"WMT"
1913,78,"WMT"
1914,56,"SAN"
1915,56,"SAN"
1916,56,"SAN"
1917,56,"SAN"
1918,56,"SAN"
1919,56,"SAN"
1920,56,"SAN"
1921,56,"SAN"
1922,56,"SAN"
1923,56,"SAN"
1924,56,"SAN"
1925,56,"SAN"
1926,56,"SAN"
1927,56,"SAN"
1928,56,"SAN"
1929,56,"SAN"
1930,56,"SAN"
1931,56,"SAN"
1932,56,"SAN"
1933,56,"SAN"
1934,56,"SAN"
1935,56,"SAN"
1936,56,"SAN"
1937,56,"SAN"
1938,56,"SAN"
1939,56,"SAN"
1940,56,"SAN"
1941,56,"SAN"
1942,56,"SAN"
1943,56,"SAN"
1944,60,"SJC"
1945,60,"SJC"
1946,60,"SJC"
1947,60,"SJC"
1948,60,"SJC"
1949,60,"SJC"
1950,60,"SJC"
1951,60,"SJC"
1952,60,"SJC"
1953,60,"SJC"
1954,60,"SJC"
1955,60,"SJC"
1956,60,"SJC"
1957,60,"SJC"
1958,60,"SJC"
1959,60,"SJC"
1960,60,"SJC"
1961,60,"SJC"
1962,60,"SJC"
1963,60,"SJC"
1964,60,"SJC"
1965,60,"SJC"
1966,60,"SJC"
1967,60,"SJC"
1968,60,"SJC"
1969,60,"SJC"
1970,60,"SJC"
1971,60,"SJC"
1972,60,"SJC"
1973,60,"SJC"
1974,60,"SJC"
1975,60,"SJC"
1976,60,"SJC"
1977,60,"SJC"
1978,60,"SJC"
1979,60,"SJC"
1980,60,"SJC"
1981,60,"SJC"
1982,60,"SJC"
1983,60,"SJC"
1984,60,"SJC"
1985,60,"SJC"
1986,60,"SJC"
1987,60,"SJC"
1988,60,"SJC"
1989,60,"SJC"
1990,60,"SJC"
1991,60,"SJC"
1992,60,"SJC"
1993,60,"SJC"
1994,60,"SJC"
1995,60,"SJC"
1996,60,"SJC"
1997,60,"SJC"
1998,60,"SJC"
1999,60,"SJC"
2000,60,"SJC"
2001,60,"SJC"
2002,60,"SJC"
2003,60,"SJC"
2004,60,"SJC"
2005,60,"SJC"
2006,60,"SJC"
2007,60,"SJC"
2008,60,"SJC"
2009,60,"SJC"
2010,60,"SJC"
2011,60,"SJC"
2012,60,"SJC"
2013,60,"SJC"
2014,60,"SJC"
2015,60,"SJC"
2016,60,"SJC"
2017,60,"SJC"
2018,60,"SJC"
2019,60,"SJC"
2020,60,"SJC"
2021,60,"SJC"
2022,27,"HER"
2023,27,"HER"
2024,27,"HER"
2025,27,"HER"
2026,27,"HER"
2027,27,"HER"
2028,27,"HER"
2029,27,"HER"
2030,27,"HER"
2031,27,"HER"
2032,27,"HER"
2033,27,"HER"
2034,27,"HER"
2035,27,"HER"
2036,27,"HER"
2037,27,"HER"
2038,27,"HER"
2039,27,"HER"
2040,27,"HER"
2041,27,"HER"
2042,27,"HER"
2043,27,"HER"
2044,27,"HER"
2045,27,"HER"
2046,27,"HER"
2047,27,"HER"
2048,27,"HER"
2049,27,"HER"
2050,27,"HER"
2051,27,"HER"
2052,27,"HER"
2053,27,"HER"
2054,27,"HER"
2055,27,"HER"
2056,27,"HER"
2057,27,"HER"
2058,27,"HER"
2059,27,"HER"
2060,27,"HER"
2061,27,"HER"
2062,55,"RVT"
2063,55,"RVT"
2064,55,"RVT"
2065,55,"RVT"
2066,55,"RVT"
2067,55,"RVT"
2068,55,"RVT"
2069,55,"RVT"
2070,55,"RVT"
2071,55,"RVT"
2072,55,"RVT"
2073,55,"RVT"
2074,55,"RVT"
2075,55,"RVT"
2076,55,"RVT"
2077,55,"RVT"
2078,55,"RVT"
2079,55,"RVT"
2080,55,"RVT"
2081,55,"RVT"
2082,55,"RVT"
2083,55,"RVT"
2084,55,"RVT"
2085,55,"RVT"
2086,55,"RVT"
2087,55,"RVT"
2088,55,"RVT"
2089,55,"RVT"
2090,55,"RVT"
2091,55,"RVT"
2092,55,"RVT"
2093,55,"RVT"
2094,55,"RVT"
2095,55,"RVT"
2096,55,"RVT"
2097,55,"RVT"
2098,55,"RVT"
2099,55,"RVT"
2100,55,"RVT"
2101,16,"DRA"
2102,16,"DRA"
2103,16,"DRA"
2104,16,"DRA"
2105,16,"DRA"
2106,16,"DRA"
2107,16,"DRA"
2108,16,"DRA"
2109,16,"DRA"
2110,16,"DRA"
2111,16,"DRA"
2112,16,"DRA"
2113,16,"DRA"
2114,16,"DRA"
2115,16,"DRA"
2116,16,"DRA"
2117,16,"DRA"
2118,16,"DRA"
2119,16,"DRA"
2120,16,"DRA"
2121,16,"DRA"
2122,16,"DRA"
2123,16,"DRA"
2124,16,"DRA"
2125,16,"DRA"
2126,16,"DRA"
2127,16,"DRA"
2128,16,"DRA"
2129,16,"DRA"
2130,16,"DRA"
2131,16,"DRA"
2132,16,"DRA"
2133,16,"DRA"
2134,16,"DRA"
2135,16,"DRA"
2136,16,"DRA"
2137,16,"DRA"
2138,16,"DRA"
2139,16,"DRA"
2140,16,"DRA"
2141,16,"DRA"
2142,16,"DRA"
2143,16,"DRA"
2144,16,"DRA"
2145,16,"DRA"
2146,16,"DRA"
2147,16,"DRA"
2148,16,"DRA"
2149,16,"DRA"
2150,16,"DRA"
2151,16,"DRA"
2152,16,"DRA"
2153,16,"DRA"
2154,16,"DRA"
2155,16,"DRA"
2156,16,"DRA"
2157,16,"DRA"
2158,16,"DRA"
2159,16,"DRA"
2160,16,"DRA"
2161,16,"DRA"
2162,5,"BDL"
2163,5,"BDL"
2164,5,"BDL"
2165,5,"BDL"
2166,5,"BDL"
2167,5,"BDL"
2168,5,"BDL"
2169,5,"BDL"
2170,5,"BDL"
2171,5,"BDL"
2172,5,"BDL"
2173,5,"BDL"
2174,5,"BDL"
2175,5,"BDL"
2176,5,"BDL"
2177,5,"BDL"
2178,5,"BDL"
2179,5,"BDL"
2180,5,"BDL"
2181,5,"BDL"
2182,5,"BDL"
2183,5,"BDL"
2184,5,"BDL"
2185,5,"BDL"
2186,5,"BDL"
2187,19,"EMT"
2188,19,"EMT"
2189,19,"EMT"
2190,82,"[Unincorporated]"
2191,82,"[Unincorporated]"
2192,7,"BRT"
2193,82,"[Unincorporated]"
2194,7,"BRT"
2195,7,"BRT"
2196,3,"ALA"
2197,82,"[Unincorporated]"
2198,82,"[Unincorporated]"
2199,82,"[Unincorporated]"
2200,82,"[Unincorporated]"
2201,82,"[Unincorporated]"
2202,82,"[Unincorporated]"
2203,82,"[Unincorporated]"
2204,82,"[Unincorporated]"
2205,82,"[Unincorporated]"
2206,82,"[Unincorporated]"
2207,82,"[Unincorporated]"
2208,82,"[Unincorporated]"
2209,82,"[Unincorporated]"
2210,82,"[Unincorporated]"
2211,82,"[Unincorporated]"
2212,82,"[Unincorporated]"
2213,82,"[Unincorporated]"
2214,7,"BRT"
2215,3,"ALA"
2216,82,"[Unincorporated]"
2217,82,"[Unincorporated]"
2218,82,"[Unincorporated]"
2219,20,"FFD"
2220,17,"EAG"
2221,20,"FFD"
2222,20,"FFD"
2223,20,"FFD"
2224,17,"EAG"
2225,17,"EAG"
2226,17,"EAG"
2227,17,"EAG"
2228,20,"FFD"
2229,20,"FFD"
2230,20,"FFD"
2231,20,"FFD"
2232,20,"FFD"
2233,17,"EAG"
2234,17,"EAG"
2235,17,"EAG"
2236,17,"EAG"
2237,17,"EAG"
2238,20,"FFD"
2239,20,"FFD"
2240,20,"FFD"
2241,20,"FFD"
2242,17,"EAG"
2243,17,"EAG"
2244,17,"EAG"
2245,17,"EAG"
2246,17,"EAG"
2247,17,"EAG"
2248,20,"FFD"
2249,17,"EAG"
2250,17,"EAG"
2251,17,"EAG"
2252,17,"EAG"
2253,17,"EAG"
2254,17,"EAG"
2255,17,"EAG"
2256,17,"EAG"
2257,17,"EAG"
2258,17,"EAG"
2259,17,"EAG"
2260,17,"EAG"
2261,17,"EAG"
2262,17,"EAG"
2263,17,"EAG"
2264,17,"EAG"
2265,17,"EAG"
2266,17,"EAG"
2267,17,"EAG"
2268,17,"EAG"
2269,17,"EAG"
2270,17,"EAG"
2271,17,"EAG"
2272,17,"EAG"
2273,17,"EAG"
2274,17,"EAG"
2275,17,"EAG"
2276,17,"EAG"
2277,17,"EAG"
2278,17,"EAG"
2279,17,"EAG"
2280,17,"EAG"
2281,9,"CDF"
2282,9,"CDF"
2283,9,"CDF"
2284,9,"CDF"
2285,9,"CDF"
2286,17,"EAG"
2287,17,"EAG"
2288,9,"CDF"
2289,9,"CDF"
2290,9,"CDF"
2291,9,"CDF"
2292,17,"EAG"
2293,17,"EAG"
2294,17,"EAG"
2295,17,"EAG"
2296,17,"EAG"
2297,17,"EAG"
2298,17,"EAG"
2299,17,"EAG"
2300,17,"EAG"
2301,17,"EAG"
2302,17,"EAG"
2303,17,"EAG"
2304,17,"EAG"
2305,17,"EAG"
2306,17,"EAG"
2307,17,"EAG"
2308,17,"EAG"
2309,17,"EAG"
2310,17,"EAG"
2311,17,"EAG"
2312,17,"EAG"
2313,17,"EAG"
2314,17,"EAG"
2315,17,"EAG"
2316,17,"EAG"
2317,17,"EAG"
2318,17,"EAG"
2319,17,"EAG"
2320,17,"EAG"
2321,9,"CDF"
2322,9,"CDF"
2323,9,"CDF"
2324,9,"CDF"
2325,17,"EAG"
2326,17,"EAG"
2327,9,"CDF"
2328,9,"CDF"
2329,9,"CDF"
2330,9,"CDF"
2331,17,"EAG"
2332,17,"EAG"
2333,9,"CDF"
2334,9,"CDF"
2335,17,"EAG"
2336,17,"EAG"
2337,17,"EAG"
2338,17,"EAG"
2339,17,"EAG"
2340,17,"EAG"
2341,17,"EAG"
2342,17,"EAG"
2343,17,"EAG"
2344,17,"EAG"
2345,17,"EAG"
2346,17,"EAG"
2347,17,"EAG"
2348,17,"EAG"
2349,17,"EAG"
2350,17,"EAG"
2351,17,"EAG"
2352,17,"EAG"
2353,17,"EAG"
2354,17,"EAG"
2355,17,"EAG"
2356,17,"EAG"
2357,17,"EAG"
2358,17,"EAG"
2359,17,"EAG"
2360,17,"EAG"
2361,17,"EAG"
2362,17,"EAG"
2363,17,"EAG"
2364,17,"EAG"
2365,17,"EAG"
2366,17,"EAG"
2367,17,"EAG"
2368,17,"EAG"
2369,17,"EAG"
2370,17,"EAG"
2371,17,"EAG"
2372,17,"EAG"
2373,17,"EAG"
2374,17,"EAG"
2375,17,"EAG"
2376,17,"EAG"
2377,17,"EAG"
2378,17,"EAG"
2379,17,"EAG"
2380,17,"EAG"
2381,17,"EAG"
2382,17,"EAG"
2383,17,"EAG"
2384,17,"EAG"
2385,17,"EAG"
2386,9,"CDF"
2387,9,"CDF"
2388,9,"CDF"
2389,9,"CDF"
2390,9,"CDF"
2391,17,"EAG"
2392,17,"EAG"
2393,17,"EAG"
2394,17,"EAG"
2395,17,"EAG"
2396,17,"EAG"
2397,17,"EAG"
2398,17,"EAG"
2399,17,"EAG"
2400,17,"EAG"
2401,17,"EAG"
2402,17,"EAG"
2403,17,"EAG"
2404,17,"EAG"
2405,17,"EAG"
2406,17,"EAG"
2407,17,"EAG"
2408,17,"EAG"
2409,17,"EAG"
2410,17,"EAG"
2411,17,"EAG"
2412,17,"EAG"
2413,17,"EAG"
2414,17,"EAG"
2415,17,"EAG"
2416,17,"EAG"
2417,17,"EAG"
2418,17,"EAG"
2419,17,"EAG"
2420,17,"EAG"
2421,17,"EAG"
2422,82,"[Unincorporated]"
2423,82,"[Unincorporated]"
2424,82,"[Unincorporated]"
2425,82,"[Unincorporated]"
2426,82,"[Unincorporated]"
2427,58,"SAR"
2428,58,"SAR"
2429,58,"SAR"
2430,58,"SAR"
2431,58,"SAR"
2432,58,"SAR"
2433,58,"SAR"
2434,58,"SAR"
2435,58,"SAR"
2436,58,"SAR"
2437,58,"SAR"
2438,58,"SAR"
2439,58,"SAR"
2440,58,"SAR"
2441,58,"SAR"
2442,58,"SAR"
2443,58,"SAR"
2444,58,"SAR"
2445,58,"SAR"
2446,58,"SAR"
2447,58,"SAR"
2448,58,"SAR"
2449,58,"SAR"
2450,58,"SAR"
2451,58,"SAR"
2452,58,"SAR"
2453,58,"SAR"
2454,58,"SAR"
2455,58,"SAR"
2456,58,"SAR"
2457,58,"SAR"
2458,58,"SAR"
2459,58,"SAR"
2460,58,"SAR"
2461,58,"SAR"
2462,58,"SAR"
2463,58,"SAR"
2464,58,"SAR"
2465,58,"SAR"
2466,17,"EAG"
2467,17,"EAG"
2468,58,"SAR"
2469,58,"SAR"
2470,58,"SAR"
2471,17,"EAG"
2472,17,"EAG"
2473,17,"EAG"
2474,58,"SAR"
2475,58,"SAR"
2476,58,"SAR"
2477,58,"SAR"
2478,58,"SAR"
2479,17,"EAG"
2480,17,"EAG"
2481,58,"SAR"
2482,58,"SAR"
2483,58,"SAR"
2484,58,"SAR"
2485,58,"SAR"
2486,58,"SAR"
2487,17,"EAG"
2488,58,"SAR"
2489,58,"SAR"
2490,58,"SAR"
2491,58,"SAR"
2492,58,"SAR"
2493,58,"SAR"
2494,58,"SAR"
2495,58,"SAR"
2496,58,"SAR"
2497,58,"SAR"
2498,58,"SAR"
2499,58,"SAR"
2500,17,"EAG"
2501,17,"EAG"
2502,58,"SAR"
2503,58,"SAR"
2504,58,"SAR"
2505,58,"SAR"
2506,58,"SAR"
2507,58,"SAR"
2508,58,"SAR"
2509,58,"SAR"
2510,58,"SAR"
2511,58,"SAR"
2512,58,"SAR"
2513,58,"SAR"
2514,58,"SAR"
2515,58,"SAR"
2516,34,"LEH"
2517,34,"LEH"
2518,58,"SAR"
2519,58,"SAR"
2520,34,"LEH"
2521,58,"SAR"
2522,58,"SAR"
2523,34,"LEH"
2524,34,"LEH"
2525,34,"LEH"
2526,34,"LEH"
2527,34,"LEH"
2528,34,"LEH"
2529,34,"LEH"
2530,34,"LEH"
2531,5,"BDL"
2532,34,"LEH"
2533,34,"LEH"
2534,34,"LEH"
2535,34,"LEH"
2536,5,"BDL"
2537,34,"LEH"
2538,34,"LEH"
2539,34,"LEH"
2540,34,"LEH"
2541,34,"LEH"
2542,34,"LEH"
2543,34,"LEH"
2544,34,"LEH"
2545,34,"LEH"
2546,34,"LEH"
2547,34,"LEH"
2548,34,"LEH"
2549,34,"LEH"
2550,34,"LEH"
2551,34,"LEH"
2552,34,"LEH"
2553,34,"LEH"
2554,34,"LEH"
2555,34,"LEH"
2556,34,"LEH"
2557,34,"LEH"
2558,34,"LEH"
2559,58,"SAR"
2560,58,"SAR"
2561,34,"LEH"
2562,34,"LEH"
2563,2,"AFK"
2564,2,"AFK"
2565,2,"AFK"
2566,2,"AFK"
2567,2,"AFK"
2568,2,"AFK"
2569,2,"AFK"
2570,2,"AFK"
2571,2,"AFK"
2572,58,"SAR"
2573,58,"SAR"
2574,34,"LEH"
2575,34,"LEH"
2576,34,"LEH"
2577,34,"LEH"
2578,34,"LEH"
2579,2,"AFK"
2580,2,"AFK"
2581,2,"AFK"
2582,2,"AFK"
2583,2,"AFK"
2584,2,"AFK"
2585,2,"AFK"
2586,2,"AFK"
2587,2,"AFK"
2588,2,"AFK"
2589,34,"LEH"
2590,34,"LEH"
2591,34,"LEH"
2592,34,"LEH"
2593,34,"LEH"
2594,34,"LEH"
2595,34,"LEH"
2596,34,"LEH"
2597,34,"LEH"
2598,34,"LEH"
2599,34,"LEH"
2600,34,"LEH"
2601,34,"LEH"
2602,34,"LEH"
2603,34,"LEH"
2604,2,"AFK"
2605,34,"LEH"
2606,34,"LEH"
2607,34,"LEH"
2608,34,"LEH"
2609,34,"LEH"
2610,34,"LEH"
2611,34,"LEH"
2612,34,"LEH"
2613,34,"LEH"
2614,34,"LEH"
2615,34,"LEH"
2616,34,"LEH"
2617,34,"LEH"
2618,34,"LEH"
2619,34,"LEH"
2620,34,"LEH"
2621,34,"LEH"
2622,34,"LEH"
2623,34,"LEH"
2624,34,"LEH"
2625,34,"LEH"
2626,34,"LEH"
2627,34,"LEH"
2628,34,"LEH"
2629,34,"LEH"
2630,34,"LEH"
2631,34,"LEH"
2632,34,"LEH"
2633,34,"LEH"
2634,34,"LEH"
2635,34,"LEH"
2636,34,"LEH"
2637,34,"LEH"
2638,34,"LEH"
2639,34,"LEH"
2640,34,"LEH"
2641,34,"LEH"
2642,34,"LEH"
2643,34,"LEH"
2644,34,"LEH"
2645,34,"LEH"
2646,34,"LEH"
2647,34,"LEH"
2648,34,"LEH"
2649,34,"LEH"
2650,34,"LEH"
2651,34,"LEH"
2652,34,"LEH"
2653,34,"LEH"
2654,34,"LEH"
2655,34,"LEH"
2656,34,"LEH"
2657,2,"AFK"
2658,2,"AFK"
2659,2,"AFK"
2660,2,"AFK"
2661,34,"LEH"
2662,2,"AFK"
2663,2,"AFK"
2664,2,"AFK"
2665,2,"AFK"
2666,2,"AFK"
2667,2,"AFK"
2668,2,"AFK"
2669,2,"AFK"
2670,2,"AFK"
2671,2,"AFK"
2672,34,"LEH"
2673,34,"LEH"
2674,2,"AFK"
2675,2,"AFK"
2676,2,"AFK"
2677,2,"AFK"
2678,34,"LEH"
2679,34,"LEH"
2680,34,"LEH"
2681,2,"AFK"
2682,2,"AFK"
2683,34,"LEH"
2684,34,"LEH"
2685,34,"LEH"
2686,34,"LEH"
2687,28,"HGH"
2688,28,"HGH"
2689,28,"HGH"
2690,28,"HGH"
2691,28,"HGH"
2692,28,"HGH"
2693,11,"CHL"
2694,11,"CHL"
2695,11,"CHL"
2696,11,"CHL"
2697,11,"CHL"
2698,11,"CHL"
2699,28,"HGH"
2700,28,"HGH"
2701,28,"HGH"
2702,28,"HGH"
2703,28,"HGH"
2704,28,"HGH"
2705,11,"CHL"
2706,28,"HGH"
2707,28,"HGH"
2708,28,"HGH"
2709,28,"HGH"
2710,28,"HGH"
2711,28,"HGH"
2712,4,"ALP"
2713,4,"ALP"
2714,4,"ALP"
2715,4,"ALP"
2716,4,"ALP"
2717,4,"ALP"
2718,4,"ALP"
2719,16,"DRA"
2720,28,"HGH"
2721,4,"ALP"
2722,4,"ALP"
2723,4,"ALP"
2724,4,"ALP"
2725,4,"ALP"
2726,2,"AFK"
2727,35,"LIN"
2728,35,"LIN"
2729,2,"AFK"
2730,2,"AFK"
2731,35,"LIN"
2732,35,"LIN"
2733,35,"LIN"
2734,35,"LIN"
2735,35,"LIN"
2736,35,"LIN"
2737,35,"LIN"
2738,35,"LIN"
2739,35,"LIN"
2740,35,"LIN"
2741,49,"PGR"
2742,35,"LIN"
2743,35,"LIN"
2744,35,"LIN"
2745,35,"LIN"
2746,35,"LIN"
2747,35,"LIN"
2748,49,"PGR"
2749,49,"PGR"
2750,49,"PGR"
2751,49,"PGR"
2752,49,"PGR"
2753,49,"PGR"
2754,49,"PGR"
2755,2,"AFK"
2756,2,"AFK"
2757,49,"PGR"
2758,49,"PGR"
2759,49,"PGR"
2760,49,"PGR"
2761,49,"PGR"
2762,49,"PGR"
2763,2,"AFK"
2764,2,"AFK"
2765,49,"PGR"
2766,49,"PGR"
2767,49,"PGR"
2768,49,"PGR"
2769,49,"PGR"
2770,2,"AFK"
2771,49,"PGR"
2772,49,"PGR"
2773,49,"PGR"
2774,49,"PGR"
2775,49,"PGR"
2776,49,"PGR"
2777,49,"PGR"
2778,49,"PGR"
2779,2,"AFK"
2780,49,"PGR"
2781,49,"PGR"
2782,49,"PGR"
2783,2,"AFK"
2784,2,"AFK"
2785,49,"PGR"
2786,49,"PGR"
2787,2,"AFK"
2788,2,"AFK"
2789,49,"PGR"
2790,71,"VIN"
2791,71,"VIN"
2792,71,"VIN"
2793,71,"VIN"
2794,71,"VIN"
2795,46,"ORE"
2796,71,"VIN"
2797,71,"VIN"
2798,71,"VIN"
2799,71,"VIN"
2800,46,"ORE"
2801,71,"VIN"
2802,71,"VIN"
2803,71,"VIN"
2804,71,"VIN"
2805,71,"VIN"
2806,71,"VIN"
2807,46,"ORE"
2808,71,"VIN"
2809,71,"VIN"
2810,71,"VIN"
2811,71,"VIN"
2812,46,"ORE"
2813,71,"VIN"
2814,71,"VIN"
2815,71,"VIN"
2816,71,"VIN"
2817,46,"ORE"
2818,46,"ORE"
2819,71,"VIN"
2820,46,"ORE"
2821,46,"ORE"
2822,46,"ORE"
2823,46,"ORE"
2824,35,"LIN"
2825,46,"ORE"
2826,46,"ORE"
2827,46,"ORE"
2828,46,"ORE"
2829,46,"ORE"
2830,46,"ORE"
2831,46,"ORE"
2832,46,"ORE"
2833,46,"ORE"
2834,46,"ORE"
2835,46,"ORE"
2836,46,"ORE"
2837,46,"ORE"
2838,46,"ORE"
2839,46,"ORE"
2840,46,"ORE"
2841,46,"ORE"
2842,46,"ORE"
2843,46,"ORE"
2844,46,"ORE"
2845,46,"ORE"
2846,46,"ORE"
2847,46,"ORE"
2848,46,"ORE"
2849,46,"ORE"
2850,46,"ORE"
2851,51,"PVO"
2852,51,"PVO"
2853,46,"ORE"
2854,46,"ORE"
2855,46,"ORE"
2856,46,"ORE"
2857,46,"ORE"
2858,46,"ORE"
2859,46,"ORE"
2860,51,"PVO"
2861,51,"PVO"
2862,51,"PVO"
2863,46,"ORE"
2864,46,"ORE"
2865,46,"ORE"
2866,46,"ORE"
2867,46,"ORE"
2868,46,"ORE"
2869,46,"ORE"
2870,51,"PVO"
2871,46,"ORE"
2872,46,"ORE"
2873,46,"ORE"
2874,46,"ORE"
2875,46,"ORE"
2876,46,"ORE"
2877,46,"ORE"
2878,51,"PVO"
2879,51,"PVO"
2880,51,"PVO"
2881,51,"PVO"
2882,51,"PVO"
2883,46,"ORE"
2884,46,"ORE"
2885,46,"ORE"
2886,46,"ORE"
2887,46,"ORE"
2888,46,"ORE"
2889,51,"PVO"
2890,51,"PVO"
2891,51,"PVO"
2892,51,"PVO"
2893,51,"PVO"
2894,51,"PVO"
2895,51,"PVO"
2896,46,"ORE"
2897,46,"ORE"
2898,46,"ORE"
2899,46,"ORE"
2900,46,"ORE"
2901,46,"ORE"
2902,46,"ORE"
2903,46,"ORE"
2904,46,"ORE"
2905,46,"ORE"
2906,46,"ORE"
2907,46,"ORE"
2908,46,"ORE"
2909,46,"ORE"
2910,51,"PVO"
2911,51,"PVO"
2912,46,"ORE"
2913,51,"PVO"
2914,51,"PVO"
2915,51,"PVO"
2916,51,"PVO"
2917,51,"PVO"
2918,51,"PVO"
2919,51,"PVO"
2920,51,"PVO"
2921,51,"PVO"
2922,51,"PVO"
2923,51,"PVO"
2924,51,"PVO"
2925,51,"PVO"
2926,51,"PVO"
2927,51,"PVO"
2928,51,"PVO"
2929,51,"PVO"
2930,46,"ORE"
2931,46,"ORE"
2932,46,"ORE"
2933,46,"ORE"
2934,46,"ORE"
2935,46,"ORE"
2936,46,"ORE"
2937,51,"PVO"
2938,51,"PVO"
2939,51,"PVO"
2940,51,"PVO"
2941,51,"PVO"
2942,51,"PVO"
2943,51,"PVO"
2944,51,"PVO"
2945,51,"PVO"
2946,51,"PVO"
2947,51,"PVO"
2948,51,"PVO"
2949,51,"PVO"
2950,51,"PVO"
2951,51,"PVO"
2952,51,"PVO"
2953,51,"PVO"
2954,51,"PVO"
2955,51,"PVO"
2956,51,"PVO"
2957,51,"PVO"
2958,51,"PVO"
2959,51,"PVO"
2960,51,"PVO"
2961,51,"PVO"
2962,51,"PVO"
2963,51,"PVO"
2964,51,"PVO"
2965,51,"PVO"
2966,51,"PVO"
2967,51,"PVO"
2968,51,"PVO"
2969,51,"PVO"
2970,51,"PVO"
2971,51,"PVO"
2972,51,"PVO"
2973,51,"PVO"
2974,51,"PVO"
2975,51,"PVO"
2976,51,"PVO"
2977,51,"PVO"
2978,51,"PVO"
2979,51,"PVO"
2980,51,"PVO"
2981,51,"PVO"
2982,51,"PVO"
2983,51,"PVO"
2984,51,"PVO"
2985,51,"PVO"
2986,51,"PVO"
2987,51,"PVO"
2988,51,"PVO"
2989,51,"PVO"
2990,51,"PVO"
2991,51,"PVO"
2992,51,"PVO"
2993,51,"PVO"
2994,51,"PVO"
2995,51,"PVO"
2996,51,"PVO"
2997,51,"PVO"
2998,51,"PVO"
2999,51,"PVO"
3000,51,"PVO"
3001,51,"PVO"
3002,51,"PVO"
3003,51,"PVO"
3004,51,"PVO"
3005,51,"PVO"
3006,51,"PVO"
3007,51,"PVO"
3008,51,"PVO"
3009,51,"PVO"
3010,51,"PVO"
3011,51,"PVO"
3012,51,"PVO"
3013,51,"PVO"
3014,51,"PVO"
3015,51,"PVO"
3016,51,"PVO"
3017,51,"PVO"
3018,51,"PVO"
3019,51,"PVO"
3020,51,"PVO"
3021,51,"PVO"
3022,51,"PVO"
3023,51,"PVO"
3024,51,"PVO"
3025,51,"PVO"
3026,51,"PVO"
3027,51,"PVO"
3028,51,"PVO"
3029,51,"PVO"
3030,51,"PVO"
3031,51,"PVO"
3032,51,"PVO"
3033,51,"PVO"
3034,51,"PVO"
3035,51,"PVO"
3036,51,"PVO"
3037,51,"PVO"
3038,51,"PVO"
3039,64,"SPV"
3040,64,"SPV"
3041,51,"PVO"
3042,64,"SPV"
3043,64,"SPV"
3044,64,"SPV"
3045,64,"SPV"
3046,64,"SPV"
3047,64,"SPV"
3048,64,"SPV"
3049,64,"SPV"
3050,64,"SPV"
3051,64,"SPV"
3052,64,"SPV"
3053,64,"SPV"
3054,64,"SPV"
3055,64,"SPV"
3056,64,"SPV"
3057,64,"SPV"
3058,64,"SPV"
3059,64,"SPV"
3060,64,"SPV"
3061,64,"SPV"
3062,64,"SPV"
3063,64,"SPV"
3064,64,"SPV"
3065,64,"SPV"
3066,64,"SPV"
3067,64,"SPV"
3068,64,"SPV"
3069,64,"SPV"
3070,64,"SPV"
3071,64,"SPV"
3072,64,"SPV"
3073,64,"SPV"
3074,64,"SPV"
3075,64,"SPV"
3076,64,"SPV"
3077,64,"SPV"
3078,64,"SPV"
3079,64,"SPV"
3080,64,"SPV"
3081,64,"SPV"
3082,64,"SPV"
3083,64,"SPV"
3084,64,"SPV"
3085,64,"SPV"
3086,64,"SPV"
3087,64,"SPV"
3088,64,"SPV"
3089,64,"SPV"
3090,36,"MAP"
3091,36,"MAP"
3092,36,"MAP"
3093,59,"SFK"
3094,59,"SFK"
3095,64,"SPV"
3096,64,"SPV"
3097,64,"SPV"
3098,64,"SPV"
3099,64,"SPV"
3100,36,"MAP"
3101,36,"MAP"
3102,36,"MAP"
3103,59,"SFK"
3104,64,"SPV"
3105,64,"SPV"
3106,64,"SPV"
3107,59,"SFK"
3108,36,"MAP"
3109,36,"MAP"
3110,36,"MAP"
3111,36,"MAP"
3112,36,"MAP"
3113,36,"MAP"
3114,36,"MAP"
3115,36,"MAP"
3116,36,"MAP"
3117,36,"MAP"
3118,36,"MAP"
3119,36,"MAP"
3120,36,"MAP"
3121,36,"MAP"
3122,36,"MAP"
3123,36,"MAP"
3124,36,"MAP"
3125,36,"MAP"
3126,36,"MAP"
3127,36,"MAP"
3128,36,"MAP"
3129,36,"MAP"
3130,82,"[Unincorporated]"
3131,64,"SPV"
3132,64,"SPV"
3133,64,"SPV"
3134,64,"SPV"
3135,64,"SPV"
3136,64,"SPV"
3137,64,"SPV"
3138,64,"SPV"
3139,64,"SPV"
3140,64,"SPV"
3141,64,"SPV"
3142,82,"[Unincorporated]"
3143,82,"[Unincorporated]"
3144,59,"SFK"
3145,59,"SFK"
3146,59,"SFK"
3147,64,"SPV"
3148,64,"SPV"
3149,82,"[Unincorporated]"
3150,82,"[Unincorporated]"
3151,59,"SFK"
3152,59,"SFK"
3153,59,"SFK"
3154,59,"SFK"
3155,82,"[Unincorporated]"
3156,82,"[Unincorporated]"
3157,82,"[Unincorporated]"
3158,59,"SFK"
3159,82,"[Unincorporated]"
3160,82,"[Unincorporated]"
3161,82,"[Unincorporated]"
3162,59,"SFK"
3163,59,"SFK"
3164,59,"SFK"
3165,59,"SFK"
3166,82,"[Unincorporated]"
3167,82,"[Unincorporated]"
3168,59,"SFK"
3169,59,"SFK"
3170,82,"[Unincorporated]"
3171,59,"SFK"
3172,59,"SFK"
3173,59,"SFK"
3174,59,"SFK"
3175,59,"SFK"
3176,59,"SFK"
3177,59,"SFK"
3178,59,"SFK"
3179,59,"SFK"
3180,59,"SFK"
3181,59,"SFK"
3182,59,"SFK"
3183,59,"SFK"
3184,59,"SFK"
3185,59,"SFK"
3186,59,"SFK"
3187,59,"SFK"
3188,59,"SFK"
3189,59,"SFK"
3190,59,"SFK"
3191,59,"SFK"
3192,59,"SFK"
3193,59,"SFK"
3194,59,"SFK"
3195,59,"SFK"
3196,59,"SFK"
3197,59,"SFK"
3198,59,"SFK"
3199,59,"SFK"
3200,59,"SFK"
3201,59,"SFK"
3202,59,"SFK"
3203,59,"SFK"
3204,59,"SFK"
3205,59,"SFK"
3206,59,"SFK"
3207,59,"SFK"
3208,59,"SFK"
3209,59,"SFK"
3210,59,"SFK"
3211,59,"SFK"
3212,59,"SFK"
3213,59,"SFK"
3214,59,"SFK"
3215,59,"SFK"
3216,59,"SFK"
3217,59,"SFK"
3218,59,"SFK"
3219,59,"SFK"
3220,59,"SFK"
3221,59,"SFK"
3222,59,"SFK"
3223,59,"SFK"
3224,59,"SFK"
3225,59,"SFK"
3226,59,"SFK"
3227,59,"SFK"
3228,59,"SFK"
3229,59,"SFK"
3230,59,"SFK"
3231,59,"SFK"
3232,59,"SFK"
3233,59,"SFK"
3234,59,"SFK"
3235,59,"SFK"
3236,59,"SFK"
3237,59,"SFK"
3238,59,"SFK"
3239,59,"SFK"
3240,59,"SFK"
3241,59,"SFK"
3242,59,"SFK"
3243,62,"SLM"
3244,62,"SLM"
3245,62,"SLM"
3246,62,"SLM"
3247,62,"SLM"
3248,62,"SLM"
3249,62,"SLM"
3250,62,"SLM"
3251,59,"SFK"
3252,59,"SFK"
3253,59,"SFK"
3254,59,"SFK"
3255,47,"PAY"
3256,62,"SLM"
3257,62,"SLM"
3258,62,"SLM"
3259,62,"SLM"
3260,62,"SLM"
3261,62,"SLM"
3262,62,"SLM"
3263,62,"SLM"
3264,62,"SLM"
3265,62,"SLM"
3266,62,"SLM"
3267,62,"SLM"
3268,62,"SLM"
3269,62,"SLM"
3270,47,"PAY"
3271,47,"PAY"
3272,47,"PAY"
3273,47,"PAY"
3274,47,"PAY"
3275,62,"SLM"
3276,62,"SLM"
3277,62,"SLM"
3278,62,"SLM"
3279,62,"SLM"
3280,62,"SLM"
3281,62,"SLM"
3282,47,"PAY"
3283,47,"PAY"
3284,47,"PAY"
3285,47,"PAY"
3286,47,"PAY"
3287,47,"PAY"
3288,47,"PAY"
3289,62,"SLM"
3290,62,"SLM"
3291,62,"SLM"
3292,47,"PAY"
3293,47,"PAY"
3294,62,"SLM"
3295,62,"SLM"
3296,62,"SLM"
3297,62,"SLM"
3298,62,"SLM"
3299,62,"SLM"
3300,62,"SLM"
3301,47,"PAY"
3302,62,"SLM"
3303,47,"PAY"
3304,47,"PAY"
3305,62,"SLM"
3306,62,"SLM"
3307,62,"SLM"
3308,62,"SLM"
3309,47,"PAY"
3310,18,"ELK"
3311,18,"ELK"
3312,62,"SLM"
3313,62,"SLM"
3314,62,"SLM"
3315,62,"SLM"
3316,47,"PAY"
3317,18,"ELK"
3318,74,"WDL"
3319,74,"WDL"
3320,18,"ELK"
3321,82,"[Unincorporated]"
3322,82,"[Unincorporated]"
3323,82,"[Unincorporated]"
3324,82,"[Unincorporated]"
3325,82,"[Unincorporated]"
3326,82,"[Unincorporated]"
3327,82,"[Unincorporated]"
3328,82,"[Unincorporated]"
3329,82,"[Unincorporated]"
3330,82,"[Unincorporated]"
3331,82,"[Unincorporated]"
3332,82,"[Unincorporated]"
3333,82,"[Unincorporated]"
3334,82,"[Unincorporated]"
3335,82,"[Unincorporated]"
3336,82,"[Unincorporated]"
3337,82,"[Unincorporated]"
3338,82,"[Unincorporated]"
3339,82,"[Unincorporated]"
3340,82,"[Unincorporated]"
3341,82,"[Unincorporated]"
3342,82,"[Unincorporated]"
3343,82,"[Unincorporated]"
3344,82,"[Unincorporated]"
3345,82,"[Unincorporated]"
3346,82,"[Unincorporated]"
3347,82,"[Unincorporated]"
3348,82,"[Unincorporated]"
3349,82,"[Unincorporated]"
3350,82,"[Unincorporated]"
3351,82,"[Unincorporated]"
3352,82,"[Unincorporated]"
3353,82,"[Unincorporated]"
3354,82,"[Unincorporated]"
3355,82,"[Unincorporated]"
3356,82,"[Unincorporated]"
3357,82,"[Unincorporated]"
3358,82,"[Unincorporated]"
3359,82,"[Unincorporated]"
3360,82,"[Unincorporated]"
3361,82,"[Unincorporated]"
3362,82,"[Unincorporated]"
3363,59,"SFK"
3364,82,"[Unincorporated]"
3365,82,"[Unincorporated]"
3366,82,"[Unincorporated]"
3367,82,"[Unincorporated]"
3368,82,"[Unincorporated]"
3369,82,"[Unincorporated]"
3370,82,"[Unincorporated]"
3371,82,"[Unincorporated]"
3372,82,"[Unincorporated]"
3373,82,"[Unincorporated]"
3374,82,"[Unincorporated]"
3375,59,"SFK"
3376,59,"SFK"
3377,59,"SFK"
3378,47,"PAY"
3379,47,"PAY"
3380,47,"PAY"
3381,47,"PAY"
3382,47,"PAY"
3383,47,"PAY"
3384,47,"PAY"
3385,47,"PAY"
3386,47,"PAY"
3387,47,"PAY"
3388,47,"PAY"
3389,47,"PAY"
3390,47,"PAY"
3391,47,"PAY"
3392,47,"PAY"
3393,47,"PAY"
3394,47,"PAY"
3395,47,"PAY"
3396,47,"PAY"
3397,47,"PAY"
3398,47,"PAY"
3399,47,"PAY"
3400,47,"PAY"
3401,47,"PAY"
3402,47,"PAY"
3403,47,"PAY"
3404,47,"PAY"
3405,47,"PAY"
3406,47,"PAY"
3407,47,"PAY"
3408,47,"PAY"
3409,47,"PAY"
3410,47,"PAY"
3411,47,"PAY"
3412,47,"PAY"
3413,47,"PAY"
3414,47,"PAY"
3415,47,"PAY"
3416,47,"PAY"
3417,47,"PAY"
3418,47,"PAY"
3419,47,"PAY"
3420,47,"PAY"
3421,47,"PAY"
3422,47,"PAY"
3423,47,"PAY"
3424,47,"PAY"
3425,47,"PAY"
3426,47,"PAY"
3427,47,"PAY"
3428,47,"PAY"
3429,47,"PAY"
3430,47,"PAY"
3431,47,"PAY"
3432,47,"PAY"
3433,47,"PAY"
3434,47,"PAY"
3435,47,"PAY"
3436,47,"PAY"
3437,47,"PAY"
3438,47,"PAY"
3439,57,"SAQ"
3440,47,"PAY"
3441,47,"PAY"
3442,47,"PAY"
3443,47,"PAY"
3444,57,"SAQ"
3445,18,"ELK"
3446,57,"SAQ"
3447,57,"SAQ"
3448,47,"PAY"
3449,47,"PAY"
3450,47,"PAY"
3451,57,"SAQ"
3452,57,"SAQ"
3453,57,"SAQ"
3454,57,"SAQ"
3455,57,"SAQ"
3456,57,"SAQ"
3457,57,"SAQ"
3458,24,"GEN"
3459,24,"GEN"
3460,24,"GEN"
3461,24,"GEN"
3462,24,"GEN"
3463,24,"GEN"
3464,24,"GEN"
3465,57,"SAQ"
3466,57,"SAQ"
3467,57,"SAQ"
3468,57,"SAQ"
3469,57,"SAQ"
3470,57,"SAQ"
3471,57,"SAQ"
3472,57,"SAQ"
3473,57,"SAQ"
3474,57,"SAQ"
3475,57,"SAQ"
3476,57,"SAQ"
3477,57,"SAQ"
3478,57,"SAQ"
3479,57,"SAQ"
3480,57,"SAQ"
3481,57,"SAQ"
3482,57,"SAQ"
3483,57,"SAQ"
3484,57,"SAQ"
3485,57,"SAQ"
3486,57,"SAQ"
3487,57,"SAQ"
3488,57,"SAQ"
3489,57,"SAQ"
3490,57,"SAQ"
3491,57,"SAQ"
3492,57,"SAQ"
3493,57,"SAQ"
3494,57,"SAQ"
3495,57,"SAQ"
3496,57,"SAQ"
3497,57,"SAQ"
3498,57,"SAQ"
3499,57,"SAQ"
3500,57,"SAQ"
3501,57,"SAQ"
3502,57,"SAQ"
3503,82,"[Unincorporated]"
3504,82,"[Unincorporated]"
3505,82,"[Unincorporated]"
3506,82,"[Unincorporated]"
3507,82,"[Unincorporated]"
3508,25,"GOS"
3509,82,"[Unincorporated]"
3510,25,"GOS"
3511,25,"GOS"
3512,25,"GOS"
3513,25,"GOS"
3514,82,"[Unincorporated]"
3515,82,"[Unincorporated]"
3516,82,"[Unincorporated]"
3517,82,"[Unincorporated]"
3518,82,"[Unincorporated]"
3519,82,"[Unincorporated]"
3520,82,"[Unincorporated]"
3521,82,"[Unincorporated]"
3522,82,"[Unincorporated]"
3523,82,"[Unincorporated]"
3524,82,"[Unincorporated]"
3525,82,"[Unincorporated]"
3526,82,"[Unincorporated]"
3527,82,"[Unincorporated]"
3528,82,"[Unincorporated]"
3529,82,"[Unincorporated]"
3530,82,"[Unincorporated]"
3531,82,"[Unincorporated]"
3532,82,"[Unincorporated]"
3533,82,"[Unincorporated]"
3534,82,"[Unincorporated]"
3535,82,"[Unincorporated]"
3536,82,"[Unincorporated]"
3537,82,"[Unincorporated]"
3538,82,"[Unincorporated]"
3539,82,"[Unincorporated]"
3540,82,"[Unincorporated]"
3541,82,"[Unincorporated]"
3542,82,"[Unincorporated]"
3543,82,"[Unincorporated]"
3544,82,"[Unincorporated]"
3545,82,"[Unincorporated]"
3546,82,"[Unincorporated]"
3547,82,"[Unincorporated]"
3548,82,"[Unincorporated]"
3549,82,"[Unincorporated]"
3550,82,"[Unincorporated]"
3551,82,"[Unincorporated]"
3552,82,"[Unincorporated]"
3553,82,"[Unincorporated]"
3554,82,"[Unincorporated]"
3555,82,"[Unincorporated]"
3556,82,"[Unincorporated]"
3557,82,"[Unincorporated]"
3558,82,"[Unincorporated]"
3559,82,"[Unincorporated]"
3560,82,"[Unincorporated]"
3561,82,"[Unincorporated]"
3562,82,"[Unincorporated]"
