DISTMED,TOTHH
1,0.0
1,11.6
1,12.5
1,2.9
1,50.1
1,3.9
1,43.3
1,41.4
1,10.6
1,16.4
2,2.9
2,12.5
2,0.0
3,0.0
1,1.0
1,1.0
2,3.9
3,0.0
1,154.0
3,133.8
3,0.0
3,1.9
3,3.9
3,86.6
3,280.1
3,180.0
3,0.0
3,3.9
3,136.7
3,304.2
3,186.8
3,103.0
3,130.9
3,170.4
3,252.2
3,79.9
3,1.0
3,1.0
3,53.9
3,333.1
3,105.9
3,56.8
3,168.5
3,112.6
3,47.2
3,0.0
2,0.0
2,3.9
3,0.0
3,2.9
3,4.8
3,45.2
3,204.1
3,157.9
3,148.2
3,28.9
3,68.3
3,0.0
3,0.0
3,0.0
3,188.7
3,179.1
3,17.3
3,196.4
3,258.0
3,159.8
3,134.8
3,171.3
3,24.1
3,82.8
3,0.0
3,72.2
5,3.9
3,0.0
3,116.5
3,71.2
3,123.2
3,412.0
3,57.8
3,143.4
3,70.3
3,370.6
3,0.0
3,0.0
3,37.5
2,0.0
3,0.0
3,0.0
3,29.8
3,45.2
3,182.9
3,169.4
3,0.0
3,21.2
3,229.1
3,265.7
2,0.0
2,0.0
3,0.0
3,18.3
3,387.9
3,0.0
3,180.0
3,56.8
3,27.9
3,10.6
4,0.0
4,7.7
2,0.0
4,1.0
4,0.0
4,2.9
4,22.1
4,33.7
4,0.0
4,0.0
4,20.2
4,2.9
2,1.0
4,21.2
4,38.5
4,11.6
2,0.0
4,69.3
4,60.6
4,171.3
4,91.5
4,49.1
4,10.6
4,61.6
4,55.8
4,28.9
4,141.5
4,3.9
4,1.9
4,142.5
4,1.0
4,139.6
4,34.7
4,3.9
4,0.0
4,0.0
4,55.8
2,0.0
5,11.6
5,0.0
5,1.0
5,0.0
5,0.0
5,331.1
5,18.3
6,0.0
6,0.0
7,0.0
9,282.1
8,397.3
9,633.6
9,511.1
8,221.5
8,580.4
9,95.8
9,327.2
9,38.1
9,74.5
8,0.0
9,283.1
9,61.1
9,80.9
9,72.0
8,160.2
8,218.9
9,253.8
9,342.2
9,87.8
9,68.3
9,403.5
8,706.5
8,307.6
8,214.0
11,44.5
11,139.4
11,313.3
11,153.0
11,339.2
11,203.8
11,555.4
8,94.3
8,190.8
11,146.7
11,148.3
11,166.6
11,159.4
11,188.6
8,0.0
11,150.6
11,164.5
11,188.7
11,130.3
9,198.1
9,331.5
9,180.0
9,261.3
9,211.2
9,179.7
9,255.9
9,132.2
9,259.4
9,122.4
9,202.5
9,219.2
9,92.9
9,138.8
9,333.7
9,426.4
9,233.7
9,84.5
9,167.2
9,258.3
9,136.0
9,261.4
9,387.3
9,210.9
9,95.7
9,651.6
9,32.3
9,347.1
9,185.3
9,306.1
9,194.5
10,0.0
10,17.2
9,140.0
9,76.5
10,244.1
9,277.9
10,335.1
10,51.7
9,476.7
10,37.0
10,22.4
10,45.7
10,33.9
10,146.0
10,0.0
10,308.9
10,189.7
10,526.4
10,110.0
10,335.0
10,307.2
10,100.7
10,211.2
10,710.8
10,445.5
10,319.9
10,113.2
10,493.8
10,63.3
10,168.3
10,1011.1
10,208.3
10,346.5
10,508.0
10,829.0
10,441.2
10,273.3
10,312.8
10,157.3
10,281.3
10,150.1
10,481.1
10,268.2
10,369.5
10,648.8
10,77.4
10,953.6
10,97.2
10,665.6
10,142.7
10,198.1
10,486.7
10,709.7
10,520.7
10,379.9
10,233.5
10,305.0
10,211.3
10,1095.1
10,70.6
10,124.4
10,596.2
10,192.6
10,392.9
10,333.1
9,25.4
9,24.3
9,81.2
9,82.4
9,81.7
10,5.4
10,28.4
9,168.7
9,78.1
10,135.7
9,2.0
9,36.1
9,187.5
9,402.6
10,269.2
9,606.4
12,59.1
10,440.8
10,740.7
10,648.0
10,0.0
10,1230.0
10,568.3
10,117.7
10,0.0
10,823.8
10,571.2
10,392.9
10,374.5
10,654.5
10,557.4
10,0.0
10,679.5
10,395.5
10,873.5
10,484.8
10,353.6
10,390.1
10,597.8
10,359.6
10,522.2
10,311.9
10,374.0
10,619.6
12,880.9
12,2456.1
12,90.2
12,242.5
12,164.7
12,397.7
12,268.6
12,445.4
12,725.1
12,224.4
10,194.5
12,243.6
12,1495.5
12,628.1
12,95.3
12,51.6
12,32.9
12,296.7
12,51.7
12,79.2
12,65.4
12,372.7
12,178.9
12,349.4
12,267.2
11,2.0
12,1.0
12,80.6
12,1839.0
12,2077.6
12,2448.4
12,403.4
12,1118.7
12,337.5
12,170.0
12,164.9
12,180.6
12,135.9
12,691.1
12,326.9
12,761.3
12,512.6
12,419.5
12,177.9
11,0.4
11,6.8
11,7.9
11,8.2
12,473.0
12,0.0
12,156.4
12,2012.9
12,32.4
12,1076.1
12,156.6
12,5.2
12,173.3
12,304.5
12,626.7
12,725.1
12,588.9
12,497.6
12,349.7
12,400.1
12,262.4
12,248.1
11,9.6
11,2.0
11,0.0
11,0.0
12,26.7
12,111.5
12,302.3
12,86.6
12,70.8
12,93.4
12,428.3
12,464.0
12,395.8
12,455.2
12,534.4
12,157.0
12,110.5
11,7.9
12,38.2
12,7.6
12,148.0
12,184.0
12,80.4
12,63.7
12,136.5
12,415.8
12,259.3
12,834.4
12,409.7
12,4.4
12,90.6
13,522.3
13,246.7
13,223.9
13,281.0
13,179.5
13,303.6
13,271.4
13,497.8
13,477.2
13,256.7
13,278.4
11,309.3
11,393.1
11,323.5
11,618.4
12,155.7
11,136.1
11,377.2
11,213.8
12,539.4
11,213.9
11,177.7
11,194.5
11,515.7
11,374.5
11,270.4
11,357.2
11,128.4
11,222.1
11,802.3
11,272.2
11,605.0
11,830.1
11,338.4
11,229.3
11,158.3
11,303.4
11,1229.6
11,155.1
11,378.5
11,102.4
11,235.3
11,135.0
11,164.1
11,172.3
11,111.0
11,106.8
11,151.4
11,256.0
11,378.2
11,115.5
11,121.1
11,123.5
11,176.2
11,115.1
11,137.9
11,181.0
11,155.7
11,125.1
11,373.4
11,483.9
11,981.2
11,656.6
11,973.5
11,1635.6
11,475.1
11,863.8
11,1216.0
11,431.8
11,689.1
11,661.7
11,503.4
11,468.9
11,437.3
11,482.3
11,419.9
11,414.7
11,587.5
11,371.5
11,351.8
11,409.8
11,666.5
11,209.6
11,47.5
11,668.8
11,554.4
11,510.8
11,615.8
11,494.6
11,361.5
11,410.2
13,0.0
13,368.6
13,322.0
13,692.6
13,324.1
12,6.9
13,130.7
13,4.7
13,419.1
13,37.0
13,818.5
13,439.8
13,264.1
13,0.0
13,0.0
13,415.7
13,868.3
13,489.3
13,397.0
13,471.0
13,455.9
13,339.5
13,3.7
13,112.5
13,436.6
13,71.5
12,10.7
12,254.8
13,116.9
13,276.2
13,325.8
13,165.0
13,0.0
13,377.7
13,452.5
13,175.7
13,515.2
13,404.3
13,282.8
13,561.9
13,226.2
13,1028.8
13,239.7
13,1153.0
13,437.3
13,964.4
13,330.6
13,152.2
13,336.8
13,9.8
14,2.4
14,0.0
14,35.6
15,0.0
15,0.0
18,280.9
18,1280.3
18,474.4
18,610.1
18,205.8
18,274.6
18,275.3
18,235.0
18,370.1
18,365.9
18,253.7
18,362.1
18,376.7
18,1403.3
18,961.7
18,325.0
18,688.3
18,598.5
18,2017.9
18,669.0
18,355.5
18,272.6
18,701.6
18,826.5
18,361.2
18,367.5
18,303.3
18,1291.8
18,810.1
18,421.5
18,531.7
18,187.8
18,1211.1
18,862.7
18,420.7
18,564.8
18,984.5
18,855.0
18,443.7
18,616.0
18,729.0
19,0.0
18,712.6
18,618.1
19,0.0
18,617.2
19,0.0
19,0.0
19,0.0
19,0.0
19,417.1
19,0.0
19,45.8
19,338.5
19,830.5
19,702.1
19,749.0
19,3.8
19,0.0
19,270.7
19,478.6
18,888.5
18,688.6
18,1136.3
18,1547.0
19,0.0
18,758.8
18,780.2
18,521.8
18,0.0
18,58.3
18,453.9
18,1298.3
19,720.1
18,584.8
18,131.4
18,899.3
18,437.3
18,958.5
21,1451.1
21,826.9
18,4419.6
18,4185.3
20,1124.3
20,1282.4
18,943.6
18,3461.2
18,892.8
18,1271.4
18,948.4
18,848.0
18,380.7
18,1498.2
18,1668.5
20,5.0
20,748.7
20,526.7
20,1576.0
20,1643.0
20,1005.1
20,863.7
20,353.8
20,660.2
20,718.6
20,473.5
20,824.8
20,543.5
20,0.0
19,590.4
19,719.1
19,695.1
21,1478.1
21,774.0
21,30.0
21,446.1
21,720.5
21,1009.4
21,845.1
21,860.9
21,737.2
20,1918.5
20,1808.3
21,1585.8
21,1913.3
21,250.1
21,1064.1
20,1178.6
20,336.5
20,1125.6
21,507.6
21,125.0
21,1065.8
21,919.6
21,624.8
20,327.3
20,784.3
20,256.5
20,0.0
20,1322.0
21,746.2
21,567.4
21,1457.6
21,1666.9
20,243.9
20,347.0
20,487.4
20,733.9
20,386.2
21,1549.2
20,586.6
20,372.2
20,686.6
20,625.4
20,502.4
20,543.8
20,864.2
21,290.6
21,1820.6
20,3.9
20,189.5
20,352.3
20,794.1
21,1606.7
21,411.2
20,248.9
21,996.6
21,763.0
20,330.0
20,498.3
20,208.3
21,269.4
20,1.0
20,541.3
20,634.2
20,436.1
21,885.1
21,1233.4
20,341.9
21,674.1
21,396.3
20,493.7
20,482.0
21,1385.4
20,310.8
22,242.9
21,440.4
21,616.9
21,671.3
21,856.0
22,695.5
22,430.1
22,715.4
22,366.7
22,2855.0
22,1004.4
22,598.1
22,1007.7
22,504.6
22,335.0
22,9.4
22,617.7
22,208.8
22,390.9
22,875.2
22,636.0
22,509.0
22,407.5
22,589.5
22,656.3
22,1.0
22,136.7
22,871.2
22,118.5
22,385.6
22,335.7
22,477.7
22,424.5
22,603.1
22,22.7
22,50.3
22,373.3
22,713.9
22,301.1
22,815.1
22,622.2
22,689.5
22,812.1
22,431.3
22,342.8
22,463.7
22,329.6
22,124.8
22,264.4
22,501.4
23,56.0
23,248.2
23,476.7
23,632.3
23,138.2
23,269.4
23,128.0
23,135.6
23,0.0
23,910.2
23,891.0
23,723.3
23,853.9
23,647.9
23,921.1
23,583.8
23,735.6
23,424.3
23,426.2
23,699.0
23,371.4
23,679.2
23,622.0
23,396.3
23,550.2
23,472.0
23,633.7
23,254.5
23,655.5
23,187.2
23,550.4
23,617.8
23,994.6
23,234.1
23,422.2
23,235.0
23,591.7
23,604.8
23,317.3
23,485.3
23,543.6
23,781.2
23,493.8
23,0.0
23,682.0
23,560.2
23,2053.9
23,333.2
23,492.5
23,217.2
23,637.3
23,3.0
23,885.2
23,22.4
23,348.7
23,384.0
23,305.0
23,324.5
23,1161.0
23,0.0
23,1465.3
23,0.0
23,0.0
23,141.5
23,579.6
23,0.0
23,0.0
23,799.1
23,769.2
23,262.6
23,433.4
23,351.1
23,0.0
23,0.0
23,0.0
23,666.9
23,840.2
23,0.0
23,883.1
23,344.5
23,412.1
23,0.0
17,0.0
17,0.0
16,0.0
17,0.0
17,0.0
24,2.7
24,0.0
24,0.0
25,0.0
27,0.0
27,0.0
28,0.0
28,0.0
28,0.0
28,0.0
28,0.0
28,489.7
28,0.0
37,0.0
28,100.7
37,0.0
38,0.0
37,0.0
38,0.0
37,0.0
39,0.0
37,0.0
39,0.0
40,357.3
40,1221.6
40,0.0
40,2372.0
40,0.0
40,960.0
40,2645.0
40,3252.6
40,336.9
37,0.0
40,92.5
40,0.0
40,67.2
29,572.4
29,0.0
29,252.9
26,0.0
26,0.0
29,0.0
29,0.0
33,0.0
29,0.0
29,4.8
33,44.6
26,0.0
29,1390.6
29,152.6
29,0.0
26,0.0
26,0.0
26,0.0
26,0.0
26,0.0
29,0.0
29,676.5
29,899.2
29,600.4
33,0.0
33,714.0
29,0.0
29,233.1
29,439.4
29,492.5
29,370.7
29,765.8
33,621.7
33,232.9
33,713.8
33,985.4
26,0.0
26,0.0
26,0.0
26,0.0
29,0.0
29,722.1
29,651.8
29,358.1
33,311.4
29,1559.8
29,1091.0
29,159.6
29,559.9
29,378.7
29,465.0
33,371.9
33,403.8
33,1028.8
33,236.0
33,512.2
33,1191.5
33,483.8
33,537.8
33,515.1
33,0.0
33,301.9
33,556.2
33,470.1
33,644.8
33,438.9
33,52.2
33,486.8
33,0.0
27,0.0
27,0.0
30,0.0
30,0.5
30,0.0
29,0.0
29,0.0
29,0.0
29,1509.0
29,204.0
29,3.8
29,122.1
29,174.2
29,100.0
29,245.9
32,70.4
32,56.7
32,608.4
32,888.4
32,608.2
32,0.0
32,42.6
32,38.6
32,197.5
32,0.0
32,28.6
32,388.0
32,0.0
32,175.7
32,174.8
32,1274.7
32,727.5
32,14.5
32,332.1
33,264.7
33,626.6
33,258.5
33,683.6
33,509.6
33,487.9
33,447.6
33,392.3
33,422.2
33,0.0
33,0.0
27,0.0
27,0.0
30,0.0
30,0.0
30,0.0
30,0.0
30,3.2
30,512.0
30,461.1
30,307.2
30,314.9
30,314.5
32,283.5
32,293.3
32,164.5
32,0.0
32,388.4
32,145.0
32,331.7
32,278.6
32,166.0
32,229.6
32,85.5
32,53.0
32,337.4
32,30.0
32,110.9
32,0.8
32,344.7
32,164.0
32,61.7
32,218.2
32,252.1
32,478.9
32,125.5
32,347.5
32,384.6
32,424.6
33,646.8
33,415.3
33,249.7
33,1006.3
33,453.9
33,500.2
33,555.7
33,622.0
33,586.6
33,470.2
33,307.7
33,4089.9
27,0.0
30,0.0
30,0.0
30,1.0
30,0.0
30,888.9
30,386.9
30,269.5
30,287.5
30,154.6
30,97.9
32,588.5
32,1057.2
32,548.5
32,211.0
32,202.9
32,29.4
32,247.4
32,222.9
32,243.3
32,143.7
32,436.9
32,268.1
32,283.4
32,332.8
32,464.7
32,168.2
32,395.8
32,30.2
32,396.4
32,0.0
32,0.0
32,313.7
32,266.1
32,407.1
32,0.0
32,0.0
32,340.2
32,0.0
32,283.1
32,0.0
32,172.2
32,248.9
32,378.4
32,0.0
32,474.3
32,97.7
32,444.0
32,89.8
33,274.8
33,461.7
33,300.6
33,355.2
33,522.2
33,260.2
33,650.4
33,686.5
33,577.6
33,504.4
33,442.8
33,660.5
33,440.9
33,401.3
33,222.7
33,0.0
33,942.0
33,0.0
27,0.0
30,0.0
30,0.2
30,0.0
30,0.0
30,0.0
30,0.0
30,0.0
30,612.1
30,532.3
30,737.7
30,205.8
30,109.5
30,149.6
30,104.9
30,0.0
33,530.6
30,27.7
33,394.1
33,333.6
33,391.0
33,385.1
33,503.9
33,592.7
33,810.6
33,715.1
33,0.0
33,709.7
33,641.7
33,241.4
33,370.1
33,331.8
33,157.0
33,533.3
33,596.8
33,261.3
33,971.4
27,0.5
27,0.0
27,0.0
30,0.0
30,0.0
30,0.0
30,0.0
30,0.0
30,0.0
30,0.0
30,344.8
30,399.0
30,370.5
30,490.7
30,114.9
30,51.4
30,271.0
30,0.0
30,0.0
33,851.8
33,695.8
33,559.7
33,414.7
33,404.9
33,665.7
33,781.5
33,598.1
33,604.1
33,695.5
33,605.6
33,194.8
33,619.1
33,218.9
33,495.5
33,364.7
33,423.5
33,511.9
33,308.7
33,553.3
30,0.0
30,2.9
30,0.0
30,212.4
30,68.0
30,15.1
30,0.0
33,34.4
33,34.4
33,402.5
33,436.5
33,71.2
33,955.1
33,693.6
33,651.2
33,668.6
33,497.3
33,254.9
33,528.8
33,546.6
33,535.3
33,495.0
33,587.4
33,527.7
33,431.0
33,318.7
33,323.6
33,1045.9
33,296.7
33,292.5
33,684.2
33,0.0
33,568.0
33,304.1
33,770.3
33,536.7
34,410.1
33,326.8
35,613.4
33,221.3
35,557.0
33,64.4
33,173.5
35,195.0
35,778.8
35,424.0
33,370.5
33,91.6
34,0.0
35,213.1
35,519.6
35,507.5
35,751.8
35,447.6
35,193.7
35,813.2
27,3.2
28,602.1
28,350.6
28,1244.4
28,1588.0
28,475.0
28,850.4
28,1012.3
28,1448.7
28,1275.5
28,1374.3
28,1896.7
28,789.3
28,1654.5
28,1138.8
28,368.7
28,339.7
28,362.7
28,582.4
27,0.0
28,0.0
31,0.0
31,0.0
31,0.0
31,0.0
31,349.0
31,0.0
31,0.0
31,0.0
31,1278.7
28,66.8
28,494.2
31,489.9
31,415.5
31,65.6
31,0.0
28,644.9
28,336.8
28,752.4
31,512.2
31,1750.6
31,0.0
31,0.0
31,320.6
31,0.0
31,849.3
31,772.8
31,452.2
31,797.0
31,276.2
31,209.4
31,372.4
28,1167.3
28,833.7
31,207.2
31,429.8
31,690.4
31,371.0
31,485.0
31,322.3
31,358.0
31,956.8
31,885.0
31,299.0
31,1690.0
31,1266.8
31,576.0
31,0.0
31,1218.8
31,1288.9
28,1066.8
28,1166.3
28,231.9
31,477.2
31,1261.7
31,1388.6
31,589.3
31,693.9
31,386.7
31,92.8
31,2253.0
31,1752.4
31,3465.9
31,600.3
31,1569.9
31,1444.9
31,879.9
28,1274.5
31,572.3
31,554.6
31,298.5
31,268.7
31,614.0
31,470.5
31,471.3
31,409.6
31,161.7
31,2038.6
31,1429.9
38,0.0
28,1.0
28,0.0
28,303.6
28,583.5
31,306.5
31,424.6
31,554.1
31,569.1
31,339.7
31,360.1
31,296.5
31,553.3
31,562.2
28,663.0
31,945.0
31,372.5
31,492.8
31,704.5
31,472.8
31,128.1
31,560.4
31,760.4
28,0.0
28,0.0
31,329.7
28,0.0
31,0.0
38,8.4
38,469.7
38,3.0
38,0.0
31,816.4
38,1294.2
38,361.8
41,620.5
41,631.5
41,702.1
31,0.0
31,0.0
31,0.0
33,169.0
33,0.0
33,254.4
33,544.4
33,247.3
33,89.4
34,0.0
33,228.7
34,361.0
33,16.4
34,162.8
33,179.8
34,216.3
33,307.3
34,1.0
34,320.6
33,578.7
34,507.1
33,814.3
31,59.7
34,0.0
34,387.2
34,343.3
34,135.3
34,200.6
34,807.9
34,832.5
31,440.8
31,144.8
34,14.5
34,236.1
34,273.4
34,199.4
34,731.4
34,1145.9
34,611.2
34,640.1
31,127.6
31,282.1
34,94.4
34,136.2
34,133.3
34,412.2
34,1294.4
34,1020.1
34,635.1
31,1171.3
31,420.1
34,0.0
34,209.3
34,424.5
34,122.7
34,130.9
34,656.8
34,430.2
34,308.1
35,296.3
35,456.5
35,351.0
35,530.7
35,634.8
35,965.1
35,849.4
35,478.3
35,536.9
35,719.9
35,702.9
35,429.6
35,356.9
35,585.0
35,549.2
35,982.4
35,671.7
35,715.9
35,1074.5
35,465.2
35,272.5
35,776.1
35,512.7
35,767.7
35,482.6
35,473.1
35,284.3
35,679.3
35,241.4
35,270.2
35,396.5
35,467.3
35,801.0
35,1351.7
31,621.4
34,0.0
34,1548.9
34,1066.7
34,950.1
34,570.1
34,966.3
34,579.7
34,547.1
35,630.2
35,294.5
35,404.2
35,464.6
35,267.1
35,392.3
35,300.5
35,456.4
35,1341.6
35,118.8
35,833.2
35,709.6
35,465.7
35,654.2
35,510.3
35,255.8
31,895.9
31,244.3
31,1133.7
31,1059.5
31,419.9
31,770.4
31,915.2
31,625.9
31,665.1
31,372.9
31,548.8
31,365.2
31,448.0
31,517.9
31,798.1
31,460.4
31,281.6
31,279.2
31,465.5
31,535.6
31,1327.2
31,626.0
31,329.0
31,172.9
31,808.1
31,1501.1
31,285.4
31,225.1
31,858.1
31,308.7
31,517.7
31,491.7
31,907.4
31,848.8
31,943.8
31,538.7
31,267.3
31,137.9
31,389.2
31,337.1
31,338.8
31,544.3
31,415.1
31,1305.9
31,1069.9
31,767.1
31,304.1
31,1203.8
31,815.2
31,445.9
31,185.8
41,565.5
41,656.1
41,467.4
41,595.1
41,285.5
41,632.7
31,329.5
31,23.0
34,1.0
31,930.9
34,1103.8
34,1371.5
34,997.2
34,119.3
34,589.7
34,1029.1
34,289.1
34,763.0
31,573.5
34,1132.9
34,343.4
34,553.2
34,1036.9
31,737.2
31,767.8
34,424.8
34,127.5
34,283.8
34,272.1
34,904.3
31,362.2
31,480.6
31,546.8
34,0.0
34,5.0
34,764.8
34,762.5
34,1158.4
34,638.0
34,549.4
31,675.9
34,258.0
34,354.7
34,563.7
34,744.8
34,817.4
41,562.9
41,0.0
31,260.1
34,12.0
34,1.2
34,523.4
34,21.2
34,822.1
34,303.2
34,367.3
34,691.5
34,822.3
41,375.9
41,296.1
44,0.5
44,432.7
34,564.2
35,516.8
35,522.3
35,539.0
35,377.6
35,350.8
35,287.4
35,456.7
35,521.9
35,272.3
35,548.2
35,725.5
35,217.1
35,491.3
35,714.8
35,838.8
35,451.2
35,361.7
35,941.6
35,1131.0
35,698.1
35,255.4
35,300.7
35,534.6
35,635.7
35,386.3
35,667.5
35,510.1
35,277.3
35,110.7
44,0.0
41,1265.7
41,0.0
41,435.5
41,625.5
41,1737.4
41,1323.6
41,496.6
41,469.2
41,529.4
41,454.4
41,274.0
41,935.2
41,346.6
39,1761.0
39,663.6
41,1525.9
41,414.7
41,510.6
41,721.7
41,713.4
41,0.0
41,785.5
41,935.9
41,993.6
41,1459.0
41,1702.7
41,867.3
39,3978.5
39,1294.4
41,964.1
39,1045.5
39,751.5
41,262.7
41,894.5
41,688.1
41,147.7
41,0.5
41,693.8
41,736.0
41,657.2
41,808.1
41,637.0
41,226.8
41,719.2
41,602.9
39,880.1
39,807.4
41,288.0
41,804.4
41,833.4
41,871.4
41,267.3
41,727.7
41,1217.6
39,687.0
39,524.1
42,566.9
41,411.0
41,5.0
41,1006.5
41,647.4
41,78.7
41,267.5
41,482.2
41,586.4
39,485.3
40,431.4
39,441.0
40,422.6
42,136.0
42,833.5
42,321.6
42,534.8
41,162.6
42,373.4
42,12.0
42,456.8
42,289.2
42,1007.4
42,598.2
42,389.9
42,9.7
40,0.0
42,0.0
42,0.0
41,264.5
44,672.0
44,622.0
41,846.9
41,0.0
44,0.0
44,841.7
44,408.4
44,718.5
44,303.4
44,687.4
41,1106.1
41,0.0
41,757.9
41,687.8
44,891.2
44,682.9
44,637.1
44,389.1
44,259.3
44,994.1
44,465.0
41,2047.7
41,1528.8
41,315.0
44,337.6
44,261.2
44,819.6
44,518.4
41,602.9
44,526.0
44,293.2
44,243.6
44,261.9
44,357.2
44,202.7
44,367.4
44,532.3
44,1151.1
44,1170.2
44,0.0
44,843.2
44,1250.8
44,633.1
44,2.3
44,1205.3
44,316.6
44,651.8
44,937.3
44,697.0
44,887.4
44,479.2
44,260.1
44,178.0
44,720.6
44,1165.8
44,888.2
44,432.7
44,376.4
44,557.7
44,983.1
44,696.5
44,257.9
44,454.4
44,500.9
44,216.1
44,1199.0
44,1622.0
44,684.2
44,372.4
44,468.5
44,698.1
44,389.7
44,617.6
44,676.6
41,0.0
44,603.1
44,780.8
44,697.7
44,500.2
44,1026.6
44,295.4
44,525.9
44,362.9
42,534.2
42,0.0
45,786.3
45,349.2
44,252.2
45,158.7
44,208.4
44,548.5
45,662.2
45,575.3
44,611.8
44,408.0
44,500.4
44,1650.7
44,409.1
42,669.8
42,0.0
45,464.3
45,44.5
45,293.0
45,544.8
45,372.1
45,375.7
45,288.6
45,561.2
45,544.6
44,396.1
45,986.7
45,851.7
45,337.1
45,222.4
45,519.3
45,77.9
45,788.0
45,1013.1
45,570.9
45,218.6
45,226.1
45,736.9
45,908.1
45,735.1
45,766.1
45,257.3
45,275.2
45,205.3
45,369.4
45,438.7
45,505.0
45,306.6
45,1116.9
45,590.1
45,259.3
45,560.0
45,459.2
45,309.5
45,80.2
45,133.8
45,873.9
45,362.0
45,994.2
45,393.5
45,509.5
45,405.5
45,483.8
45,480.7
45,169.4
45,163.1
45,261.9
45,942.5
45,882.1
45,230.3
45,594.1
45,291.5
45,261.3
42,266.6
42,711.3
42,409.9
42,437.0
42,351.2
42,356.9
42,627.9
42,523.1
42,498.9
42,0.0
42,782.1
42,301.5
42,589.7
42,594.6
42,572.4
42,327.1
42,1075.9
42,470.3
42,505.9
42,337.1
40,8.7
40,43.0
42,981.2
42,2122.7
42,668.0
42,152.3
42,137.0
42,445.3
42,745.4
42,138.2
40,2108.1
42,3553.6
42,538.7
42,789.9
42,754.2
42,254.1
42,729.6
42,376.6
42,1120.4
42,1089.5
42,405.6
42,1312.8
42,429.0
42,623.7
42,912.3
42,153.5
40,112.9
40,735.5
40,1527.7
40,827.0
40,781.5
42,758.0
42,1888.6
42,571.8
42,488.5
42,1200.2
42,509.3
42,187.5
42,389.9
42,302.5
40,898.6
40,521.3
40,853.2
40,600.9
40,53.7
42,541.6
42,605.4
42,512.1
42,482.4
42,153.0
42,854.7
42,270.5
42,428.4
42,183.3
42,569.7
42,178.8
42,356.8
42,319.0
40,1094.9
40,906.5
40,236.0
40,829.3
40,480.1
40,102.4
43,789.9
40,1503.6
40,504.3
40,461.7
40,501.1
40,677.4
40,154.7
40,1235.6
40,1190.3
40,338.9
40,430.2
40,1368.9
40,815.5
40,554.8
40,296.9
40,393.5
40,897.2
40,303.0
40,275.7
43,783.9
40,1388.5
40,20.3
40,414.4
40,346.0
40,636.5
43,2261.9
40,539.7
40,734.5
40,1654.5
40,502.1
43,859.0
40,328.6
43,0.0
43,865.2
43,604.6
43,340.3
43,400.5
43,481.6
43,744.5
43,649.5
42,193.0
43,1474.1
43,1180.0
43,833.5
40,640.7
43,350.5
43,226.3
43,120.8
43,107.1
43,369.8
43,293.6
43,943.6
43,761.1
43,216.2
43,924.1
43,542.1
43,0.0
43,333.8
43,450.0
43,411.6
43,576.2
40,128.9
40,513.1
40,531.0
43,1354.1
43,402.8
43,381.6
43,332.4
43,380.9
43,657.3
43,419.8
43,602.4
40,487.6
43,503.0
43,563.2
43,378.9
43,2.3
45,539.8
45,313.7
45,287.2
45,653.0
45,702.0
45,502.3
43,0.0
45,343.2
45,875.7
45,516.3
45,236.7
45,310.7
43,779.1
43,0.0
43,433.8
46,267.2
46,318.2
46,646.8
46,248.6
46,437.9
46,154.0
46,526.3
43,556.1
43,11.8
46,1064.7
46,338.4
46,19.0
46,393.4
43,1.7
43,903.9
46,666.4
46,793.8
46,260.8
43,6723.2
43,0.0
43,0.0
43,0.0
46,1.8
46,0.0
46,419.2
46,316.8
46,862.5
46,479.2
46,282.2
43,0.0
46,401.7
46,417.3
46,505.6
46,39.6
46,525.1
46,753.3
46,564.3
46,0.0
46,984.4
46,1.7
46,0.0
46,0.0
43,210.9
43,208.2
43,105.0
43,141.5
43,317.2
43,664.7
43,42.2
43,249.1
43,0.0
43,187.0
43,197.1
43,189.9
43,105.6
43,125.4
43,197.2
43,428.1
43,1172.2
43,284.8
43,199.0
43,339.4
43,1552.2
43,1096.0
43,514.4
43,1108.4
43,736.5
36,30.1
36,441.6
36,198.7
47,7.0
47,0.0
48,69.7
48,14.8
48,22.8
48,81.9
49,202.2
49,32.5
49,0.0
49,19.8
36,0.0
36,0.0
36,0.9
36,0.0
36,0.0
36,0.0
47,4.0
47,31.2
47,0.0
47,0.0
48,0.0
48,0.0
49,0.0
49,0.0
48,0.0
49,0.0
49,0.0
50,0.0
50,0.0
51,1.0
51,6.0
51,8.0
51,172.0
51,26.0
51,5.0
51,0.0
51,116.0
51,3.0
51,4.0
51,34.0
51,101.0
51,8.0
51,56.0
51,0.0
51,0.0
51,0.0
51,7.0
51,1.0
51,0.0
51,4.0
51,30.0
52,88.0
52,11.0
52,1.0
52,25.0
52,33.0
52,54.0
52,5.0
52,10.0
52,43.0
52,54.0
52,8.0
52,46.0
52,143.0
52,0.0
52,13.0
52,167.0
52,14.0
52,123.0
52,0.0
52,21.0
52,34.0
52,0.0
52,0.0
52,0.0
52,0.0
52,0.0
52,0.0
52,0.0
52,0.0
52,0.0
51,1305.0
51,309.0
51,350.0
51,172.0
51,648.0
51,890.0
51,332.0
51,261.0
51,957.0
51,405.0
51,353.0
51,233.0
51,261.0
51,102.0
51,370.0
51,1857.0
51,274.0
51,0.0
51,0.0
51,0.0
50,0.0
51,33.0
51,10.0
51,0.0
51,272.0
51,85.0
51,130.0
51,211.0
51,137.0
51,0.0
51,13.0
51,98.0
51,144.0
51,154.0
51,214.0
51,118.0
51,0.0
51,191.0
51,58.0
51,0.0
51,80.0
51,183.0
51,234.0
51,0.0
51,0.0
51,133.0
51,217.0
51,118.0
51,261.0
51,313.0
51,0.0
51,240.0
51,411.0
51,58.0
51,615.0
52,322.0
51,98.0
51,91.0
51,197.0
51,212.0
51,240.0
51,183.0
51,707.0
51,600.0
51,151.0
51,286.0
51,75.0
51,315.0
51,335.0
51,457.0
51,393.0
51,441.0
51,4.0
51,0.0
51,114.0
51,87.0
52,209.0
52,235.0
52,5.0
52,186.0
52,414.0
52,111.0
51,333.0
51,491.0
52,277.0
52,162.0
52,210.0
52,92.0
52,140.0
52,714.0
51,288.0
51,517.0
51,411.0
51,684.0
52,451.0
52,273.0
52,2607.0
52,1497.0
51,463.0
51,29.0
52,21.0
52,158.0
52,2.0
52,151.0
52,262.0
52,726.0
52,674.0
52,265.0
52,441.0
52,146.0
52,163.0
52,133.0
52,117.0
52,34.0
52,518.0
52,148.0
52,20.0
52,20.0
52,0.0
52,61.0
52,54.0
52,76.0
52,17.0
52,22.0
52,2.0
52,221.0
52,461.0
52,41.0
52,128.0
52,27.0
52,438.0
52,114.0
52,263.0
52,69.0
52,122.0
52,104.0
52,58.0
52,147.0
52,100.0
52,22.0
52,113.0
52,130.0
52,0.0
52,0.0
52,0.0
52,0.0
52,4.0
52,1017.0
52,285.0
52,472.0
52,427.0
52,306.0
52,459.0
53,525.0
53,690.0
52,284.0
53,763.0
53,227.0
53,135.0
52,175.0
52,335.0
53,512.0
52,295.0
53,614.0
53,917.0
53,487.0
53,750.0
65,0.0
65,0.0
65,1.0
65,0.0
65,197.0
53,273.0
53,908.0
53,992.0
53,923.0
53,200.0
53,187.0
53,658.0
53,1139.0
53,225.0
53,537.0
53,803.0
53,256.0
53,561.0
53,402.0
53,169.0
53,86.0
53,772.0
53,1326.0
53,610.0
53,832.0
53,660.0
53,457.0
53,553.0
53,444.0
53,294.0
53,671.0
53,366.0
53,448.0
53,0.0
53,99.0
53,132.0
53,210.0
53,409.0
53,952.0
53,995.0
53,567.0
53,353.0
53,223.0
53,569.0
53,436.0
53,1911.0
53,1972.0
53,869.0
53,1010.0
53,960.0
53,700.0
53,303.0
53,564.0
53,1064.0
53,466.0
53,331.0
53,268.0
53,130.0
53,6.0
53,545.0
53,151.0
53,905.0
53,1125.0
53,667.0
53,200.0
53,0.0
53,1147.0
53,197.0
56,486.0
56,2.0
56,0.0
56,1201.0
53,0.0
53,187.0
53,2.0
53,606.0
53,64.0
53,47.0
53,468.0
53,0.0
53,74.0
53,444.0
53,425.0
53,206.0
53,1.0
53,477.0
53,1057.0
53,169.0
53,1316.0
53,435.0
56,346.0
56,279.0
56,459.0
56,440.0
56,416.0
56,312.0
56,384.0
56,692.0
56,316.0
56,338.0
56,58.0
56,138.0
56,280.0
56,603.0
56,519.0
56,455.0
56,264.0
56,207.0
56,226.0
56,233.0
56,374.0
56,79.0
56,31.0
53,734.0
53,868.0
53,778.0
53,1252.0
53,204.0
53,402.0
56,218.0
56,223.0
56,135.0
56,217.0
56,230.0
56,148.0
54,139.0
54,248.0
54,62.0
54,268.0
54,292.0
56,278.0
56,291.0
56,99.0
56,371.0
56,224.0
54,407.0
54,325.0
56,650.0
56,414.0
56,406.0
56,308.0
56,262.0
56,350.0
54,514.0
56,209.0
56,393.0
56,487.0
56,376.0
53,60.0
53,0.0
53,0.0
53,82.0
53,138.0
53,0.0
53,934.0
53,469.0
54,435.0
53,0.0
53,440.0
54,149.0
53,3.0
54,0.0
54,404.0
54,0.0
54,0.0
54,1045.0
54,0.0
54,134.0
54,307.0
54,0.0
54,81.0
54,451.0
54,0.0
54,487.0
54,679.0
54,0.0
54,2.0
54,347.0
54,319.0
54,206.0
54,301.0
54,414.0
54,174.0
54,308.0
54,175.0
54,382.0
54,470.0
54,167.0
54,108.0
54,351.0
54,0.0
54,700.0
54,1.0
54,0.0
54,0.0
54,93.0
54,30.0
54,184.0
54,673.0
54,307.0
54,132.0
54,860.0
54,783.0
54,242.0
54,404.0
54,948.0
54,461.0
54,411.0
54,192.0
54,370.0
54,0.0
54,518.0
54,54.0
55,1386.0
55,242.0
55,299.0
55,182.0
55,285.0
55,409.0
55,422.0
55,266.0
55,325.0
55,170.0
55,261.0
55,461.0
55,438.0
55,681.0
55,614.0
55,203.0
55,392.0
55,194.0
55,150.0
55,140.0
56,412.0
56,449.0
56,169.0
56,371.0
55,386.0
55,307.0
55,357.0
55,433.0
55,243.0
55,328.0
55,251.0
55,239.0
55,651.0
55,434.0
55,477.0
55,232.0
55,449.0
55,341.0
55,389.0
56,613.0
56,312.0
56,412.0
56,471.0
56,497.0
56,381.0
57,777.0
57,478.0
57,74.0
57,672.0
56,112.0
56,0.0
56,125.0
56,416.0
56,588.0
56,438.0
56,715.0
56,82.0
56,18.0
56,171.0
56,327.0
56,272.0
56,484.0
56,701.0
57,100.0
57,262.0
57,1594.0
57,532.0
57,485.0
57,793.0
56,93.0
56,356.0
56,117.0
56,433.0
56,1316.0
56,700.0
56,831.0
56,138.0
56,53.0
56,64.0
56,44.0
57,0.0
56,141.0
57,0.0
56,384.0
56,0.0
57,0.0
57,677.0
57,480.0
57,861.0
57,207.0
57,409.0
57,334.0
57,313.0
57,254.0
57,569.0
57,679.0
57,636.0
57,647.0
57,453.0
57,666.0
57,706.0
57,482.0
57,582.0
57,519.0
57,770.0
57,73.0
57,0.0
57,1.0
57,0.0
57,68.0
57,703.0
57,0.0
57,159.0
57,371.0
57,1001.0
57,574.0
57,163.0
57,23.0
57,338.0
57,0.0
57,0.0
57,456.0
57,3.0
57,147.0
57,579.0
58,30.0
57,36.0
57,256.0
57,333.0
57,222.0
57,67.0
57,57.0
57,269.0
57,368.0
57,470.0
57,229.0
57,510.0
57,467.0
58,500.0
58,3575.0
58,3459.0
58,0.0
58,0.0
58,557.0
58,0.0
58,0.0
58,0.0
58,141.0
58,307.0
58,197.0
58,306.0
58,340.0
58,267.0
58,721.0
58,1214.0
58,514.0
58,1085.0
58,656.0
58,0.0
58,349.0
58,0.0
58,886.0
58,632.0
58,0.0
58,463.0
58,560.0
58,469.0
58,355.0
58,258.0
58,756.0
58,613.0
58,371.0
58,601.0
58,496.0
58,324.0
58,164.0
58,183.0
58,674.0
58,688.0
58,187.0
58,1.0
58,849.0
58,559.0
58,876.0
58,0.0
58,737.0
58,790.0
58,420.0
58,317.0
58,607.0
58,643.0
58,449.0
58,416.0
58,908.0
58,508.0
58,564.0
58,80.0
58,217.0
58,631.0
58,0.0
58,47.0
58,426.0
58,700.0
58,43.0
58,228.0
58,625.0
58,480.0
58,500.0
58,650.0
58,0.0
58,700.0
58,357.0
58,575.0
58,444.0
58,139.0
58,195.0
58,1086.0
58,326.0
58,51.0
58,490.0
58,324.0
58,353.0
58,427.0
58,368.0
58,881.0
58,240.0
58,2.0
58,701.0
58,0.0
58,1097.0
58,191.0
58,906.0
58,295.0
58,416.0
58,468.0
58,449.0
58,650.0
58,432.0
58,905.0
58,585.0
58,209.0
58,8.0
58,0.0
58,222.0
58,2.0
58,111.0
58,0.0
58,43.0
58,530.0
58,74.0
58,717.0
58,129.0
58,117.0
58,374.0
58,616.0
58,552.0
58,662.0
58,630.0
58,623.0
58,687.0
58,464.0
58,0.0
58,809.0
58,163.0
58,591.0
58,516.0
58,158.0
58,1081.0
58,786.0
58,0.0
58,152.0
58,293.0
58,431.0
58,366.0
58,523.0
58,368.0
58,399.0
58,497.0
58,103.0
59,304.0
59,547.0
58,359.0
58,480.0
58,176.0
58,64.0
58,666.0
59,202.0
59,169.0
59,2.0
58,201.0
58,501.0
59,595.0
59,415.0
58,861.0
58,464.0
58,6.0
58,48.0
58,97.0
58,1.0
58,2.0
58,253.0
58,448.0
58,281.0
58,662.0
58,614.0
58,477.0
59,1135.0
59,392.0
58,442.0
59,178.0
58,519.0
58,343.0
58,246.0
58,1.0
58,146.0
59,461.0
59,575.0
59,114.0
58,529.0
59,230.0
59,880.0
59,718.0
58,393.0
59,327.0
59,118.0
59,443.0
59,262.0
59,1.0
59,366.0
59,364.0
59,248.0
59,113.0
59,146.0
59,535.0
59,0.0
59,522.0
59,543.0
59,469.0
59,321.0
59,515.0
59,585.0
59,898.0
59,639.0
59,481.0
59,535.0
59,392.0
59,2.0
59,0.0
59,794.0
59,616.0
59,843.0
58,371.0
59,230.0
59,417.0
59,1355.0
59,281.0
59,688.0
59,352.0
59,1105.0
59,433.0
59,529.0
59,128.0
59,311.0
59,290.0
59,255.0
59,354.0
59,462.0
59,0.0
59,0.0
59,0.0
59,0.0
59,0.0
59,0.0
59,661.0
59,719.0
59,483.0
59,288.0
59,462.0
59,255.0
59,391.0
60,0.0
59,44.0
59,565.0
59,193.0
60,0.0
60,0.0
60,0.0
60,0.0
60,357.0
60,605.0
60,515.0
60,236.0
60,210.0
60,134.0
60,374.0
60,324.0
60,573.0
60,601.0
60,94.0
60,258.0
60,223.0
60,0.0
60,267.0
60,1.0
60,0.0
60,0.0
60,0.0
60,460.0
60,440.0
60,353.0
60,440.0
60,158.0
60,0.0
60,265.0
60,287.0
60,308.0
60,303.0
60,264.0
60,331.0
60,232.0
60,419.0
60,375.0
60,419.0
60,353.0
60,348.0
60,283.0
60,656.0
60,420.0
60,79.0
60,473.0
60,64.0
60,456.0
60,542.0
60,468.0
60,1258.0
60,304.0
60,391.0
60,169.0
60,34.0
60,149.0
60,98.0
60,233.0
60,243.0
60,258.0
60,381.0
60,314.0
60,353.0
60,353.0
60,416.0
60,220.0
60,439.0
60,208.0
60,157.0
60,273.0
60,275.0
60,770.0
60,97.0
60,129.0
60,388.0
60,251.0
60,157.0
60,377.0
60,312.0
60,119.0
60,99.0
60,257.0
60,624.0
60,586.0
60,159.0
60,50.0
60,80.0
60,124.0
60,421.0
60,529.0
60,126.0
60,91.0
60,47.0
60,196.0
60,200.0
60,2.0
60,204.0
60,2.0
60,0.0
60,0.0
60,0.0
60,0.0
60,4.0
60,449.0
60,50.0
60,1.0
60,0.0
60,1118.0
60,0.0
60,0.0
60,0.0
60,495.0
60,581.0
60,180.0
60,344.0
60,78.0
60,0.0
60,93.0
60,313.0
60,266.0
60,162.0
60,427.0
60,687.0
60,741.0
60,432.0
60,644.0
60,456.0
60,385.0
60,482.0
60,76.0
60,366.0
60,176.0
60,228.0
60,284.0
60,286.0
60,233.0
60,196.0
60,329.0
60,347.0
60,210.0
60,363.0
60,265.0
60,418.0
60,569.0
60,202.0
60,317.0
60,266.0
60,366.0
60,260.0
60,584.0
60,594.0
60,383.0
60,354.0
60,566.0
60,292.0
60,400.0
60,297.0
60,465.0
60,396.0
60,532.0
60,703.0
60,552.0
60,426.0
60,273.0
61,596.0
61,1270.0
61,1099.0
61,895.0
61,488.0
61,391.0
61,743.0
61,1103.0
61,1029.0
61,306.0
61,377.0
61,353.0
60,140.0
61,597.0
60,512.0
60,27.0
61,186.0
61,3.0
61,88.0
61,108.0
60,13.0
60,1.0
60,253.0
60,10.0
60,219.0
61,300.0
60,24.0
60,50.0
60,115.0
60,108.0
60,131.0
60,145.0
60,176.0
60,226.0
60,281.0
60,248.0
60,239.0
60,248.0
60,216.0
60,180.0
61,5.0
61,8.0
61,38.0
61,60.0
61,13.0
61,15.0
61,62.0
61,131.0
61,12.0
61,16.0
61,65.0
61,31.0
61,9.0
61,6.0
61,0.0
61,5.0
61,9.0
61,12.0
61,6.0
61,11.0
61,4.0
61,4.0
61,12.0
61,9.0
61,13.0
61,8.0
61,19.0
61,33.0
61,72.0
61,342.0
61,181.0
61,218.0
61,79.0
61,57.0
61,177.0
61,140.0
61,45.0
61,8.0
61,5.0
61,2.0
61,7.0
61,10.0
61,34.0
61,87.0
61,31.0
61,120.0
61,121.0
61,40.0
61,54.0
61,14.0
61,7.0
61,27.0
61,11.0
61,57.0
61,3.0
61,12.0
61,12.0
61,4.0
61,0.0
61,5.0
61,17.0
61,44.0
61,110.0
61,95.0
61,23.0
61,3.0
61,73.0
61,143.0
61,66.0
61,36.0
61,354.0
61,365.0
61,127.0
61,249.0
61,234.0
61,624.0
61,269.0
61,344.0
61,50.0
62,132.0
62,106.0
62,73.0
62,144.0
62,183.0
62,98.0
62,50.0
62,389.0
61,438.0
61,81.0
61,655.0
61,692.0
61,711.0
61,68.0
61,749.0
61,945.0
61,741.0
61,165.0
61,46.0
61,436.0
61,35.0
62,0.0
62,211.0
62,0.0
62,457.0
62,422.0
61,526.0
61,39.0
61,477.0
61,193.0
61,457.0
61,331.0
61,262.0
61,234.0
62,314.0
62,355.0
62,339.0
62,127.0
62,95.0
62,405.0
62,173.0
62,54.0
62,130.0
62,309.0
62,255.0
62,329.0
62,488.0
62,206.0
61,203.0
61,168.0
61,181.0
61,15.0
61,72.0
61,468.0
61,108.0
62,279.0
62,560.0
62,183.0
62,117.0
62,311.0
62,34.0
62,119.0
61,1690.0
61,212.0
61,556.0
61,707.0
61,38.0
61,184.0
61,213.0
61,294.0
61,270.0
61,295.0
61,168.0
61,285.0
61,327.0
61,144.0
61,101.0
61,209.0
61,437.0
61,182.0
61,201.0
61,9.0
61,587.0
61,551.0
61,376.0
61,239.0
61,243.0
61,117.0
61,153.0
61,419.0
61,97.0
61,253.0
61,594.0
61,495.0
61,476.0
61,239.0
61,311.0
61,548.0
61,1148.0
61,292.0
61,359.0
61,408.0
61,404.0
61,365.0
61,315.0
61,108.0
61,238.0
61,266.0
61,324.0
61,559.0
61,475.0
61,460.0
62,12.0
62,162.0
62,215.0
62,279.0
62,0.0
62,89.0
62,148.0
62,98.0
62,83.0
62,406.0
62,332.0
62,303.0
62,320.0
62,284.0
62,3.0
62,0.0
62,794.0
62,4.0
62,273.0
62,211.0
62,469.0
62,307.0
62,249.0
62,266.0
62,92.0
62,218.0
62,216.0
62,300.0
62,724.0
62,608.0
62,119.0
62,320.0
62,29.0
62,1.0
62,20.0
62,210.0
62,64.0
62,0.0
62,280.0
62,173.0
62,116.0
62,157.0
62,432.0
62,500.0
62,534.0
62,1.0
62,36.0
62,128.0
62,5.0
62,47.0
62,19.0
62,49.0
62,94.0
62,153.0
62,46.0
62,5.0
63,89.0
63,176.0
63,81.0
63,12.0
63,13.0
63,20.0
63,28.0
63,19.0
64,0.0
64,1.0
64,15.0
50,0.0
63,0.0
67,1.0
67,0.0
67,0.0
68,0.0
68,18.0
68,0.0
68,4.0
68,34.0
68,6.0
68,32.0
68,0.0
69,31.0
69,54.0
69,41.0
69,0.0
69,0.0
71,0.0
71,65.0
71,1.0
71,41.5
71,38.6
72,15.0
72,5.0
72,0.0
66,23.0
66,0.0
66,0.0
73,0.0
73,0.0
73,0.0
73,1.0
73,0.0
66,67.0
67,0.0
67,0.0
68,0.0
68,0.0
69,0.0
70,0.0
71,5.0
71,0.0
72,0.0
72,0.0
72,2.0
71,0.0
71,0.0
71,5.0
71,2.0
